Entity_LogicalId,Entity_EU_ReferenceNumber,Entity_SubjectType,Entity_SubjectType_ClassificationCode,Citizenship_CountryIso2Code,Citizenship_Remark
13,EU.27.28,P,person,IQ,
20,EU.39.56,P,person,IQ,
23,EU.16.62,P,person,IQ,
25,EU.11.43,P,person,IQ,
29,EU.22.9,P,person,IQ,
33,EU.42.11,P,person,IQ,
39,EU.35.2,P,person,IQ,
46,EU.106.12,P,person,IQ,
53,EU.19.54,P,person,IQ,
54,EU.20.79,P,person,IQ,
58,EU.165.92,P,person,IQ,
60,EU.45.3,P,person,IQ,
63,EU.52.12,P,person,IQ,
65,EU.120.33,P,person,IQ,
67,EU.146.66,P,person,IQ,
69,EU.148.68,P,person,IQ,
71,EU.157.32,P,person,IQ,
76,EU.133.1,P,person,IQ,
79,EU.69.59,P,person,IQ,
81,EU.71.49,P,person,IQ,
83,EU.77.33,P,person,IQ,
87,EU.89.61,P,person,IQ,
89,EU.97.35,P,person,IQ,
98,EU.59.58,P,person,IQ,
99,EU.62.13,P,person,IQ,
101,EU.63.75,P,person,IQ,
103,EU.65.5,P,person,IQ,
130,EU.150.25,P,person,IQ,
133,EU.153.28,P,person,IQ,
136,EU.134.2,P,person,IQ,
139,EU.90.86,P,person,IQ,
143,EU.103.9,P,person,IQ,
146,EU.114.72,P,person,IQ,
147,EU.115.73,P,person,IQ,
153,EU.124.37,P,person,IQ,
154,EU.125.38,P,person,IQ,
156,EU.127.40,P,person,IQ,
157,EU.128.41,P,person,IQ,
175,EU.3567.71,P,person,SA,
176,EU.3568.36,P,person,SA,
189,EU.3577.72,P,person,LB,
505,EU.471.56,P,person,AF,
506,EU.3204.81,P,person,IQ,
507,EU.513.75,P,person,US,
508,EU.544.68,P,person,EG,
510,EU.420.36,P,person,MR,
513,EU.549.73,P,person,PK,
513,EU.549.73,P,person,AF,
515,EU.368.0,P,person,AF,
516,EU.472.57,P,person,AF,
517,EU.473.58,P,person,AF,
519,EU.379.63,P,person,TZ,
521,EU.502.12,P,person,AF,
522,EU.509.19,P,person,AF,
523,EU.538.10,P,person,AF,
524,EU.539.11,P,person,AF,
525,EU.417.78,P,person,AF,
526,EU.427.43,P,person,AF,
528,EU.514.76,P,person,YE,
529,EU.521.38,P,person,AF,
533,EU.439.10,P,person,YE,
534,EU.369.1,P,person,DZ,
534,EU.369.1,P,person,PS,
537,EU.3097.55,P,person,LY,
540,EU.298.88,P,person,AF,
542,EU.318.78,P,person,AF,
544,EU.314.74,P,person,AF,
545,EU.319.79,P,person,AF,
547,EU.334.4,P,person,AF,
548,EU.352.29,P,person,AF,
550,EU.315.75,P,person,SO,
551,EU.3090.9,P,person,EG,
552,EU.311.71,P,person,AF,
553,EU.312.72,P,person,AF,
554,EU.307.15,P,person,CN,
555,EU.322.37,P,person,AF,
556,EU.323.38,P,person,AF,
561,EU.332.2,P,person,AF,
580,EU.335.5,P,person,AF,
581,EU.350.27,P,person,AF,
582,EU.351.28,P,person,AF,
583,EU.296.86,P,person,AF,
585,EU.329.44,P,person,AF,
590,EU.355.32,P,person,AF,
591,EU.356.33,P,person,AF,
593,EU.294.84,P,person,AF,
594,EU.295.85,P,person,AF,
595,EU.336.6,P,person,AF,
596,EU.337.7,P,person,AF,
597,EU.359.36,P,person,AF,
599,EU.303.11,P,person,AF,
600,EU.304.12,P,person,AF,
601,EU.308.16,P,person,AF,
602,EU.321.36,P,person,AF,
603,EU.341.63,P,person,AF,
604,EU.3851.78,P,person,JO,
604,EU.3851.78,P,person,US,
607,EU.361.90,P,person,AF,
614,EU.301.9,P,person,AF,
616,EU.320.35,P,person,AF,
618,EU.339.9,P,person,AF,
619,EU.340.62,P,person,AF,
620,EU.358.35,P,person,AF,
623,EU.449.72,P,person,AF,
625,EU.364.93,P,person,AF,
626,EU.309.17,P,person,AF,
630,EU.344.66,P,person,AF,
631,EU.345.67,P,person,AF,
640,EU.365.94,P,person,PK,
641,EU.366.95,P,person,PK,
643,EU.327.42,P,person,AF,
644,EU.328.43,P,person,AF,
647,EU.754.35,P,person,AF,
648,EU.755.36,P,person,AF,
649,EU.768.4,P,person,AF,
650,EU.800.13,P,person,AF,
651,EU.801.14,P,person,AF,
652,EU.807.20,P,person,AF,
653,EU.839.14,P,person,AF,
654,EU.666.1,P,person,AF,
656,EU.695.89,P,person,AF,
659,EU.745.71,P,person,AF,
661,EU.736.10,P,person,AF,
669,EU.793.88,P,person,AF,
685,EU.769.5,P,person,AF,
690,EU.702.14,P,person,AF,
693,EU.705.17,P,person,AF,
696,EU.697.91,P,person,AF,
698,EU.699.93,P,person,AF,
699,EU.746.72,P,person,AF,
702,EU.756.37,P,person,AF,
703,EU.792.87,P,person,AF,
704,EU.833.8,P,person,AF,
706,EU.701.13,P,person,AF,
709,EU.775.63,P,person,AF,
711,EU.813.78,P,person,AF,
716,EU.675.62,P,person,AF,
717,EU.713.77,P,person,AF,
719,EU.715.79,P,person,AF,
724,EU.776.64,P,person,AF,
725,EU.805.18,P,person,AF,
727,EU.815.80,P,person,AF,
733,EU.780.23,P,person,AF,
734,EU.781.24,P,person,AF,
739,EU.818.83,P,person,AF,
750,EU.3724.5,P,person,EG,
758,EU.706.18,P,person,AF,
760,EU.708.20,P,person,AF,
765,EU.760.93,P,person,AF,
767,EU.803.16,P,person,AF,
779,EU.777.65,P,person,AF,
781,EU.779.67,P,person,AF,
786,EU.826.46,P,person,AF,
789,EU.665.0,P,person,EG,
793,EU.790.85,P,person,AF,
794,EU.791.86,P,person,AF,
796,EU.831.6,P,person,EG,
826,EU.672.59,P,person,PK,
829,EU.588.29,P,person,AF,
831,EU.749.75,P,person,AF,
833,EU.691.85,P,person,AF,"Saudi    citizenship    withdrawn,    Afghan    nationality    given    by    the    Taliban    regime."
836,EU.787.30,P,person,JO,
839,EU.636.9,P,person,AF,
840,EU.637.10,P,person,AF,
841,EU.658.38,P,person,AF,
842,EU.659.39,P,person,AF,
844,EU.571.57,P,person,AF,
849,EU.593.86,P,person,AF,
851,EU.595.88,P,person,AF,
923,EU.660.92,P,person,SA,
926,EU.623.41,P,person,GB,
927,EU.3343.85,P,person,TN,
928,EU.590.83,P,person,TN,
931,EU.654.34,P,person,EG,
932,EU.625.43,P,person,TN,
937,EU.591.84,P,person,TN,
941,EU.622.40,P,person,TN,
943,EU.558.37,P,person,TN,
944,EU.631.4,P,person,DZ,
945,EU.653.33,P,person,JO,
965,EU.661.93,P,person,DE,
965,EU.661.93,P,person,MA,
966,EU.639.12,P,person,YE,
967,EU.550.29,P,person,MA,
968,EU.574.60,P,person,MA,
1003,EU.1003.87,P,person,ID,
1004,EU.1010.96,P,person,ID,
1016,EU.1042.29,P,person,TN,
1020,EU.1051.65,P,person,TN,
1037,EU.1033.90,P,person,ID,
1040,EU.1006.79,P,person,PH,
1064,EU.1048.13,P,person,ID,(as at December 2003)
1065,EU.1026.81,P,person,PK,
1067,EU.1035.20,P,person,ID,
1068,EU.4055.25,P,person,MY,
1069,EU.1001.60,P,person,ID,
1071,EU.4045.24,P,person,PH,
1077,EU.1034.55,P,person,DZ,
1079,EU.3510.20,P,person,IN,
1082,EU.935.11,P,person,DZ,
1084,EU.909.23,P,person,TN,
1085,EU.955.38,P,person,TN,
1086,EU.3109.38,P,person,SO,
1087,EU.3768.63,P,person,EG,
1088,EU.877.66,P,person,TN,
1089,EU.3205.46,P,person,IQ,
1092,EU.3496.47,P,person,IQ,
1095,EU.958.41,P,person,TN,
1096,EU.3344.50,P,person,TN,
1098,EU.875.64,P,person,DZ,
1101,EU.952.35,P,person,DZ,
1102,EU.953.36,P,person,YE,
1880,EU.1391.61,P,person,IQ,
1883,EU.1392.26,P,person,IQ,
1886,EU.1393.88,P,person,IQ,
1888,EU.1394.53,P,person,IQ,
1890,EU.1395.18,P,person,IQ,
1892,EU.1402.79,P,person,IQ,
1894,EU.1403.44,P,person,IQ,
1896,EU.1451.22,P,person,IQ,
1898,EU.1452.84,P,person,IQ,
1900,EU.1453.49,P,person,IQ,
1920,EU.1462.85,P,person,IQ,
1922,EU.1344.48,P,person,IQ,
1923,EU.1345.13,P,person,IQ,
1924,EU.1346.75,P,person,IQ,
1925,EU.1347.40,P,person,IQ,
1926,EU.1354.49,P,person,IQ,
1964,EU.1447.5,P,person,DZ,
2194,EU.1386.79,P,person,IQ,
2208,EU.1337.39,P,person,IQ,
2223,EU.1352.22,P,person,IQ,
2325,EU.3453.51,P,person,TN,
2700,EU.1168.77,P,person,KW,
2922,EU.1252.57,P,person,ID,
3000,EU.1543.13,P,person,IQ,
3060,EU.1489.36,P,person,TN,
3062,EU.1474.16,P,person,MA,
3080,EU.1475.78,P,person,IQ,
3081,EU.1546.5,P,person,IQ,
3082,EU.1547.67,P,person,IQ,
3083,EU.1548.32,P,person,IQ,
3084,EU.1566.7,P,person,IQ,
3085,EU.1567.69,P,person,IQ,
3140,EU.1516.2,P,person,EG,
3141,EU.1549.94,P,person,EG,
3144,EU.1602.9,P,person,EG,
3146,EU.1550.22,P,person,EG,
3181,EU.3607.30,P,person,CD,
3182,EU.3621.48,P,person,CD,
3183,EU.3712.74,P,person,CD,
3184,EU.3622.13,P,person,CD,
3185,EU.3731.14,P,person,CD,
3186,EU.3733.41,P,person,CD,
3187,EU.3704.3,P,person,RW,
3188,EU.3623.75,P,person,RW,
3189,EU.3625.5,P,person,CD,
3190,EU.3631.49,P,person,CD,
3191,EU.3632.14,P,person,CD,
3192,EU.3633.76,P,person,CD,
3193,EU.3639.60,P,person,UG,
3194,EU.3641.50,P,person,CD,
3195,EU.3649.61,P,person,CD,
3224,EU.3206.11,P,person,IQ,
3225,EU.4066.88,P,person,PH,
3229,EU.4046.86,P,person,PH,
3340,EU.1533.12,P,person,ID,
3341,EU.3282.62,P,person,ID,
3342,EU.1518.29,P,person,ID,
3343,EU.1527.65,P,person,ID,
3361,EU.3950.78,P,person,SD,
3363,EU.3819.85,P,person,SD,Sudanese by birth
3562,EU.1656.68,P,person,TN,
3563,EU.3962.9,P,person,LY,
3641,EU.3310.90,P,person,IQ,
3700,EU.3084.62,P,person,GB,
3741,EU.3624.40,P,person,RW,
3780,EU.3862.44,P,person,IR,
3782,EU.3863.9,P,person,IR,
3784,EU.3864.71,P,person,IR,
3787,EU.3865.36,P,person,IR,
3788,EU.3866.1,P,person,IR,
3789,EU.3875.37,P,person,IR,
3792,EU.3878.29,P,person,IR,
3793,EU.3879.91,P,person,IR,
3795,EU.3880.19,P,person,IR,
3798,EU.3887.65,P,person,IR,
3801,EU.3888.30,P,person,IR,
3803,EU.3916.58,P,person,IR,
3808,EU.3927.24,P,person,IR,
3960,EU.1693.80,P,person,LY,
3962,EU.1743.40,P,person,LY,
4000,EU.1786.36,P,person,DZ,
4020,EU.1787.1,P,person,AF,
4140,EU.1742.75,P,person,KW,
4141,EU.1790.53,P,person,KW,
4142,EU.1649.59,P,person,KW,
4292,EU.3874.72,P,person,IR,
4300,EU.3774.10,P,person,IR,
4686,EU.3735.68,P,person,RW,
5240,EU.1493.53,P,person,PH,
5260,EU.1530.20,P,person,PH,
5261,EU.1736.31,P,person,PH,
5262,EU.1620.81,P,person,PH,
5263,EU.1628.92,P,person,PH,
5264,EU.1679.62,P,person,PH,
5265,EU.4047.51,P,person,PH,
5266,EU.2122.90,P,person,PH,
5270,EU.2160.67,P,person,IR,
5273,EU.2172.95,P,person,IR,
5277,EU.2176.52,P,person,IR,
5279,EU.2216.11,P,person,IR,
5280,EU.2222.55,P,person,IR,
5292,EU.2154.23,P,person,DZ,
5293,EU.2167.16,P,person,DZ,
5294,EU.3342.23,P,person,DZ,
5295,EU.2026.82,P,person,DZ,
5352,EU.2257.77,P,person,DE,
5352,EU.2257.77,P,person,MA,
5357,EU.2158.77,P,person,TR,
5416,EU.2168.78,P,person,PK,
5417,EU.2169.43,P,person,SA,
5418,EU.2170.68,P,person,PK,
5419,EU.2221.90,P,person,PK,
5420,EU.3732.76,P,person,RW,
5421,EU.3638.95,P,person,RW,
5422,EU.3640.85,P,person,RW,
5469,EU.4010.2,P,person,KP,
5475,EU.4097.56,P,person,KP,
5499,EU.2128.74,P,person,PK,
5529,EU.3298.47,P,person,IQ,
5609,EU.3711.12,P,person,SO,
5610,EU.3730.49,P,person,SO,
5616,EU.3738.60,P,person,SO,
5617,EU.2011.62,P,person,SO,
5620,EU.3710.47,P,person,SO,
5620,EU.3710.47,P,person,SE,
5621,EU.3739.25,P,person,SO,
5625,EU.1946.59,P,person,DZ,
5626,EU.1985.1,P,person,DZ,
5629,EU.3414.12,P,person,YE,
5754,EU.1841.75,P,person,IR,
5755,EU.1842.40,P,person,IR,
5757,EU.1843.5,P,person,IR,
5759,EU.1845.32,P,person,IR,
5793,EU.2291.0,P,person,AF,
5794,EU.2292.62,P,person,US,
5794,EU.2292.62,P,person,YE,
5795,EU.2272.60,P,person,AF,
5803,EU.2301.53,P,person,AF,
5804,EU.2337.40,P,person,AF,
5806,EU.3608.92,P,person,RW,
5807,EU.3734.6,P,person,RW,
5808,EU.3634.41,P,person,RW,
5809,EU.3650.86,P,person,CD,
5925,EU.2320.90,P,person,AF,
6017,EU.2393.89,P,person,AF,
6044,EU.3364.52,P,person,TN,
6045,EU.3365.17,P,person,TN,
6046,EU.3366.79,P,person,TN,
6047,EU.3367.44,P,person,TN,
6049,EU.3369.71,P,person,TN,Double nationality French and Tunisian
6049,EU.3369.71,P,person,FR,
6052,EU.3372.26,P,person,TN,
6053,EU.3389.73,P,person,TN,
6054,EU.3390.1,P,person,TN,
6056,EU.3392.28,P,person,TN,
6058,EU.3394.55,P,person,TN,
6059,EU.3395.20,P,person,TN,
6060,EU.3396.82,P,person,TN,
6061,EU.3397.47,P,person,TN,
6063,EU.3407.3,P,person,TN,
6064,EU.3408.65,P,person,TN,
6066,EU.3410.55,P,person,TN,
6068,EU.3412.82,P,person,TN,
6070,EU.3417.4,P,person,TN,
6073,EU.3420.56,P,person,TN,
6074,EU.3421.21,P,person,TN,
6076,EU.3423.48,P,person,TN,
6077,EU.3424.13,P,person,TN,
6078,EU.3425.75,P,person,TN,
6079,EU.3440.58,P,person,TN,
6080,EU.3441.23,P,person,TN,
6082,EU.3443.50,P,person,TN,
6084,EU.3445.77,P,person,TN,
6085,EU.3446.42,P,person,TN,
6089,EU.3449.34,P,person,TN,
6090,EU.3450.59,P,person,TN,
6125,EU.2557.69,P,person,RU,
6177,EU.3092.36,P,person,SA,
6209,EU.3458.70,P,person,IR,
6213,EU.3459.35,P,person,IR,
6218,EU.2960.78,P,person,IR,
6463,EU.2785.72,P,person,SA,
6463,EU.2785.72,P,person,YE,
6483,EU.2799.30,P,person,ID,
6484,EU.4057.52,P,person,ID,
6494,EU.2796.38,P,person,ID,
6515,EU.2800.10,P,person,PK,
6552,EU.3741.15,P,person,ET,Possibly Ethiopian
6553,EU.3753.43,P,person,US,
6563,EU.2670.87,P,person,MR,
6591,EU.3462.87,P,person,IR,
6593,EU.2786.37,P,person,IR,
6599,EU.3903.65,P,person,IR,
6612,EU.3311.55,P,person,IQ,
6613,EU.3748.61,P,person,AF,
6614,EU.3760.52,P,person,AF,
6617,EU.3570.26,P,person,IR,
6617,EU.3570.26,P,person,US,
6646,EU.2675.9,P,person,IR,
6648,EU.2677.36,P,person,IR,
6663,EU.2709.21,P,person,IR,
6665,EU.2711.11,P,person,IR,
6694,EU.3928.86,P,person,IR,
6696,EU.3929.51,P,person,IR,
6859,EU.3464.17,P,person,KP,
6864,EU.3736.33,P,person,UG,
6865,EU.3643.77,P,person,CD,
6908,EU.2568.35,P,person,DE,
6908,EU.2568.35,P,person,MA,
6909,EU.2569.0,P,person,DE,
6909,EU.2569.0,P,person,MA,
6942,EU.2851.77,P,person,AF,
6944,EU.2875.36,P,person,ID,
6945,EU.2876.1,P,person,ID,
6947,EU.3007.46,P,person,PK,
6949,EU.2867.62,P,person,PK,
7024,EU.3763.44,P,person,AF,
7027,EU.3611.47,P,person,AF,
7029,EU.3601.46,P,person,GW,
7030,EU.3602.11,P,person,GW,
7032,EU.3742.77,P,person,GW,
7033,EU.3743.42,P,person,GW,
7034,EU.3744.7,P,person,GW,
7046,EU.3747.96,P,person,GW,
7064,EU.3612.12,P,person,AF,
7167,EU.3057.51,P,person,UZ,
7167,EU.3057.51,P,person,AF,
7168,EU.3073.96,P,person,PK,
7172,EU.3702.73,P,person,AF,
7175,EU.3708.57,P,person,CD,
7178,EU.3705.65,P,person,AF,
7200,EU.3606.65,P,person,CD,
7204,EU.3029.75,P,person,DZ,
7207,EU.3427.5,P,person,KP,
7218,EU.3004.54,P,person,ML,
7219,EU.3005.19,P,person,ML,
7220,EU.3006.81,P,person,MR,
7220,EU.3006.81,P,person,ML,
7225,EU.3031.65,P,person,IR,
7228,EU.3911.39,P,person,IR,
7235,EU.4116.48,P,person,KP,
7237,EU.3707.92,P,person,PK,
7246,EU.3305.11,P,person,SY,
7250,EU.2982.10,P,person,EG,
7251,EU.2984.37,P,person,ML,
7262,EU.3060.6,P,person,LY,
7320,EU.3527.67,P,person,RU,
7355,EU.3891.82,P,person,CF,
7355,EU.3891.82,P,person,SS,
7356,EU.3890.20,P,person,CF,
7356,EU.3890.20,P,person,SD,
7370,EU.3015.20,P,person,NG,
7444,EU.2813.3,P,person,IQ,
7445,EU.2725.66,P,person,DZ,
7446,EU.2726.31,P,person,SA,
7447,EU.2727.93,P,person,KW,
7474,EU.2936.59,P,person,SA,
7475,EU.2937.24,P,person,SA,
7476,EU.2938.86,P,person,NO,
7477,EU.2939.51,P,person,SA,
7478,EU.3727.94,P,person,TN,
7479,EU.3728.59,P,person,QA,
7480,EU.3729.24,P,person,KW,
7481,EU.3497.12,P,person,SY,
7482,EU.2912.3,P,person,IQ,
7483,EU.2913.65,P,person,KW,
7484,EU.2914.30,P,person,IQ,
7485,EU.3402.81,P,person,FR,
7486,EU.4191.37,P,person,FR,
7487,EU.2917.22,P,person,SN,
7491,EU.3713.39,P,person,AF,
7492,EU.3714.4,P,person,AF,
7493,EU.3715.66,P,person,AF,
7540,EU.3967.28,P,person,YE,
7541,EU.3970.80,P,person,YE,
7547,EU.2925.93,P,person,JO,
7548,EU.2940.76,P,person,QA,
7549,EU.2941.41,P,person,GE,
7596,EU.2897.65,P,person,ID,
7597,EU.842.69,P,person,ID,
7598,EU.2956.61,P,person,ID,
7601,EU.3491.28,P,person,TN,
7602,EU.3492.90,P,person,TN,
105596,EU.3803.3,P,person,SS,South Sudan
105618,EU.3805.30,P,person,SD,South Sudan
105631,EU.3806.92,P,person,SD,South Sudan
105748,EU.3718.58,P,person,AF,
105954,EU.3112.90,E,enterprise,SY,
106123,EU.3975.2,P,person,CF,
106138,EU.3881.81,P,person,CF,
106144,EU.3882.46,P,person,SD,
106224,EU.3093.1,P,person,LY,
106385,EU.175.57,P,person,QA,
106389,EU.205.12,P,person,QA,
106457,EU.2418.65,P,person,BI,
106532,EU.3195.90,P,person,GB,
106534,EU.3174.26,P,person,GB,
106536,EU.3141.31,P,person,GB,
106538,EU.3403.46,P,person,TN,
106538,EU.3403.46,P,person,FR,
106540,EU.3404.11,P,person,FR,
106542,EU.3405.73,P,person,FR,
106546,EU.3196.55,P,person,YE,
106548,EU.3175.88,P,person,SA,
106554,EU.3177.18,P,person,GB,
106584,EU.3143.58,P,person,RU,
106654,EU.3167.17,P,person,RU,
106715,EU.3563.17,P,person,RU,
106732,EU.3155.86,P,person,RU,
106750,EU.3478.72,P,person,RU,
106773,EU.3156.51,P,person,RU,
107679,EU.3428.67,P,person,LY,
107681,EU.3429.32,P,person,TJ,
107683,EU.3430.57,P,person,BA,
107685,EU.3431.22,P,person,SA,
107687,EU.3432.84,P,person,MA,
107689,EU.3433.49,P,person,SY,
107691,EU.3434.14,P,person,LY,
107693,EU.3435.76,P,person,TN,
107695,EU.3436.41,P,person,EG,
107697,EU.3437.6,P,person,FR,
107699,EU.3438.68,P,person,DZ,
107804,EU.4117.13,P,person,KP,
107806,EU.4118.75,P,person,KP,
107808,EU.4119.40,P,person,KP,
107810,EU.4120.65,P,person,KP,
107812,EU.4121.30,P,person,KP,
107814,EU.4122.92,P,person,KP,
107816,EU.4123.57,P,person,KP,
107818,EU.4144.24,P,person,KP,
107820,EU.4145.86,P,person,KP,
107822,EU.4146.51,P,person,KP,
107828,EU.4148.78,P,person,KP,
107830,EU.4149.43,P,person,KP,
107832,EU.4150.68,P,person,KP,
107834,EU.4162.96,P,person,KP,
107938,EU.4147.16,P,person,KP,
108086,EU.3885.38,P,person,UG,Uganda Passport
108437,EU.3488.73,P,person,SA,
108458,EU.3336.76,P,person,PS,
108470,EU.3337.41,P,person,ID,
108672,EU.4068.18,P,person,KP,
109183,EU.3619.58,P,person,AF,
109244,EU.3587.73,P,person,RU,
109264,EU.3588.38,P,person,RU,
109324,EU.3618.93,P,person,AF,
109750,EU.3664.44,P,person,AF,
109887,EU.3544.77,P,person,SY,
110264,EU.4163.61,P,person,KP,
110269,EU.4164.26,P,person,KP,
110276,EU.4165.88,P,person,KP,
110281,EU.4166.53,P,person,KP,
110286,EU.4167.18,P,person,KP,
110291,EU.4168.80,P,person,KP,
110298,EU.4169.45,P,person,KP,
110302,EU.4170.70,P,person,KP,
110307,EU.4186.55,P,person,KP,
110317,EU.4069.80,P,person,KP,
110350,EU.3504.73,P,person,CD,
110370,EU.3520.21,P,person,CD,
110425,EU.4080.9,P,person,RU,
110491,EU.3572.53,P,person,CA,
110500,EU.3578.37,P,person,AU,
110845,EU.3635.6,P,person,PS,
110845,EU.3635.6,P,person,SY,
110874,EU.3759.27,P,person,YE,
111143,EU.3629.59,P,person,JO,
112075,EU.3838.25,P,person,CF,
112075,EU.3838.25,P,person,TD,
112114,EU.3832.41,P,person,CD,
112270,EU.4070.8,P,person,KP,
112276,EU.4071.70,P,person,KP,
112286,EU.4072.35,P,person,KP,
112291,EU.4073.0,P,person,KP,
112303,EU.4074.62,P,person,KP,
112309,EU.4075.27,P,person,KP,
112314,EU.4076.89,P,person,KP,
112320,EU.4083.1,P,person,KP,
112332,EU.4084.63,P,person,KP,
112342,EU.4085.28,P,person,KP,
112348,EU.4086.90,P,person,KP,
112353,EU.4087.55,P,person,KP,
112358,EU.4088.20,P,person,KP,
112364,EU.4089.82,P,person,KP,
112597,EU.3818.23,P,person,DE,
112597,EU.3818.23,P,person,DZ,
112957,EU.3855.35,P,person,CD,
113086,EU.3921.40,P,person,CD,
113282,EU.4018.13,P,person,CD,
113291,EU.4058.17,P,person,CD,
113326,EU.4019.75,P,person,GB,United Kingdom of Great Britain and Northern Ireland
113334,EU.4020.3,P,person,GB,United Kingdom of Great Britain and Northern Ireland
113343,EU.4021.65,P,person,ID,
113355,EU.4022.30,P,person,RU,
113363,EU.4023.92,P,person,GE,
113363,EU.4023.92,P,person,RU,
113378,EU.4040.5,P,person,ID,
113672,EU.4048.16,P,person,KP,
113677,EU.4136.50,P,person,KP,
113683,EU.4137.15,P,person,KP,
113692,EU.4138.77,P,person,KP,
113697,EU.4139.42,P,person,KP,
113703,EU.4140.67,P,person,KP,
113708,EU.4141.32,P,person,KP,
113713,EU.4142.94,P,person,KP,
113717,EU.4143.59,P,person,KP,
113787,EU.4110.64,P,person,RU,
113926,EU.3997.31,P,person,TT,
114578,EU.4091.72,P,person,KP,
114826,EU.4261.63,P,person,KP,
114830,EU.4262.62,P,person,KP,
114848,EU.4265.59,P,person,KP,
114855,EU.4266.58,P,person,KP,
114860,EU.4267.57,P,person,KP,
114866,EU.4268.56,P,person,KP,
114872,EU.4269.55,P,person,KP,
114878,EU.4270.33,P,person,KP,
114884,EU.4271.32,P,person,KP,
114898,EU.4273.30,P,person,KP,
114913,EU.4275.28,P,person,KP,
114925,EU.4277.26,P,person,KP,
114931,EU.4278.25,P,person,KP,
114937,EU.4279.24,P,person,KP,
114942,EU.4280.2,P,person,KP,
115307,EU.4325.95,P,person,RW,
115699,EU.4381.10,P,person,IQ,
115714,EU.4382.9,P,person,IQ,
115820,EU.4385.6,P,person,KE,
115829,EU.4386.5,P,person,SO,
116041,EU.4421.11,P,person,KP,
117053,EU.4565.86,P,person,ER,
117060,EU.4566.85,P,person,ER,
117235,EU.4584.25,P,person,LY,
117244,EU.4585.24,P,person,LY,
117251,EU.4586.23,P,person,LY,
117261,EU.4587.22,P,person,LY,
117360,EU.4602.90,P,person,PH,
117373,EU.4603.89,P,person,PH,
117605,EU.4641.64,P,person,DZ,
117856,EU.4681.37,P,person,SS,
117869,EU.4683.35,P,person,UG,
117869,EU.4683.35,P,person,SS,
117925,EU.4701.3,P,person,ID,
117943,EU.4702.2,P,person,ID,
117943,EU.4702.2,P,person,MY,
117974,EU.4704.0,P,person,PH,
118025,EU.4721.38,P,person,LY,
118362,EU.4761.11,P,person,GB,United Kingdom of Great Britain and Northern Ireland
118383,EU.4762.10,P,person,DZ,
118547,EU.4781.46,P,person,IQ,
118917,EU.4881.55,P,person,IR,
118923,EU.4882.54,P,person,IR,
118994,EU.4901.21,P,person,SY,
118998,EU.4902.20,P,person,SY,
119184,EU.4941.91,P,person,SY,
119190,EU.4942.90,P,person,SY,
119200,EU.4944.88,P,person,SY,
119208,EU.4945.87,P,person,TR,
119208,EU.4945.87,P,person,SY,
119228,EU.4948.84,P,person,SY,
119304,EU.4961.29,P,person,SY,
119310,EU.4962.28,P,person,SY,
119318,EU.4963.27,P,person,SY,
119427,EU.5001.25,P,person,FR,
120040,EU.5101.34,P,person,PK,
120786,EU.5141.7,P,person,MA,
120797,EU.5142.6,P,person,ML,
121140,EU.5201.43,P,person,SA,
121200,EU.5221.78,P,person,IQ,
121346,EU.5241.16,P,person,FR,
121867,EU.5361.60,P,person,UG,
121908,EU.5381.95,P,person,PK,
122062,EU.5425.92,P,person,SY,
122106,EU.5430.66,P,person,SY,
122111,EU.5431.65,P,person,SY,
122257,EU.5461.69,P,person,SY,
122300,EU.5463.67,P,person,SY,
122300,EU.5463.67,P,person,KN,
122316,EU.5465.65,P,person,SY,
122375,EU.5481.7,P,person,KW,Kuwaiti citizenship withdrawn in 2002
123536,EU.5561.78,P,person,CF,
123536,EU.5561.78,P,person,TD,
123536,EU.5561.78,P,person,CG,
123766,EU.5601.79,P,person,IQ,
124743,EU.5661.87,P,person,FR,
124886,EU.5681.25,P,person,PK,
124957,EU.5701.88,P,person,CN,
124962,EU.5702.87,P,person,CN,
124966,EU.5703.86,P,person,RU,
124980,EU.5705.84,P,person,RU,
124987,EU.5706.83,P,person,RU,
124994,EU.5707.82,P,person,RU,
125154,EU.5711.57,P,person,CF,
125228,EU.5731.92,P,person,PK,
125328,EU.5771.65,P,person,PK,
125328,EU.5771.65,P,person,SA,
125785,EU.5851.39,P,person,RU,
125790,EU.5852.38,P,person,RU,
125879,EU.5878.67,P,person,SY,
125991,EU.5894.9,P,person,RU,
125996,EU.5895.8,P,person,RU,
126000,EU.5896.7,P,person,RU,
126005,EU.5897.6,P,person,RU,
126010,EU.5898.5,P,person,RU,
126015,EU.5899.4,P,person,RU,
126106,EU.5913.73,P,person,TR,
127388,EU.6131.26,P,person,IR,
127401,EU.6133.24,P,person,IR,
127408,EU.6134.23,P,person,IR,
127411,EU.6135.22,P,person,IR,
127417,EU.6136.21,P,person,IR,
127423,EU.6137.20,P,person,IR,
127429,EU.6139.18,P,person,IR,
127544,EU.6158.54,P,person,VE,
127726,EU.6171.96,P,person,RU,
127732,EU.6172.95,P,person,RU,
127738,EU.6173.94,P,person,RU,
127743,EU.6174.93,P,person,RU,
128186,EU.6231.35,P,person,MM,
128190,EU.6232.34,P,person,MM,
128193,EU.6233.33,P,person,MM,
128196,EU.6234.32,P,person,MM,
128200,EU.6235.31,P,person,MM,
128204,EU.6236.30,P,person,MM,
128206,EU.6237.29,P,person,MM,
128209,EU.6238.28,P,person,MM,
128212,EU.6239.27,P,person,MM,
128215,EU.6240.5,P,person,MM,
128217,EU.6241.4,P,person,MM,
128226,EU.6251.70,P,person,CN,
128231,EU.6252.69,P,person,CN,
128236,EU.6253.68,P,person,CN,
128241,EU.6254.67,P,person,CN,
128246,EU.6255.66,P,person,KP,
128253,EU.6256.65,P,person,KP,
128270,EU.6258.63,P,person,LY,
128279,EU.6259.62,P,person,RU,
128287,EU.6260.40,P,person,RU,
128293,EU.6261.39,P,person,SS,
128846,EU.6271.8,P,person,TR,
128846,EU.6271.8,P,person,FR,
129383,EU.6291.43,P,person,MM,
129394,EU.6293.41,P,person,MM,
129399,EU.6294.40,P,person,MM,
129403,EU.6295.39,P,person,MM,
129407,EU.6296.38,P,person,MM,
129410,EU.6297.37,P,person,MM,
129413,EU.6298.36,P,person,MM,
129419,EU.6299.35,P,person,MM,
129423,EU.6300.41,P,person,MM,
129443,EU.6311.9,P,person,MM,
129766,EU.6331.44,P,person,BY,
129773,EU.6332.43,P,person,BY,
129780,EU.6333.42,P,person,BY,
129787,EU.6334.41,P,person,BY,
129794,EU.6335.40,P,person,BY,
129801,EU.6336.39,P,person,BY,
129808,EU.6337.38,P,person,BY,
129815,EU.6338.37,P,person,BY,
129822,EU.6339.36,P,person,BY,
129829,EU.6340.14,P,person,BY,
129836,EU.6341.13,P,person,BY,
129843,EU.6342.12,P,person,BY,
129850,EU.6343.11,P,person,BY,
129857,EU.6344.10,P,person,BY,
129864,EU.6345.9,P,person,BY,
129870,EU.6346.8,P,person,BY,
129877,EU.6347.7,P,person,BY,
129884,EU.6348.6,P,person,BY,
129891,EU.6349.5,P,person,BY,
129905,EU.6351.79,P,person,BY,
129912,EU.6352.78,P,person,BY,
129919,EU.6353.77,P,person,BY,
129928,EU.6354.76,P,person,BY,
129936,EU.6355.75,P,person,BY,
129944,EU.6356.74,P,person,BY,
130005,EU.6366.43,P,person,BY,
130012,EU.6367.42,P,person,BY,
130019,EU.6368.41,P,person,BY,
130061,EU.6374.14,P,person,BY,
130075,EU.6376.12,P,person,BY,
130082,EU.6377.11,P,person,BY,
130089,EU.6378.10,P,person,BY,
130096,EU.6379.9,P,person,BY,
130103,EU.6380.84,P,person,BY,
130110,EU.6381.83,P,person,BY,
130117,EU.6382.82,P,person,BY,
130124,EU.6383.81,P,person,RU,
130124,EU.6383.81,P,person,BY,
130132,EU.6384.80,P,person,BY,
130139,EU.6385.79,P,person,RU,
130144,EU.6386.78,P,person,BY,
130150,EU.6387.77,P,person,BY,
130157,EU.6388.76,P,person,BY,
130188,EU.6392.51,P,person,BY,
130197,EU.6393.50,P,person,BY,
130204,EU.6394.49,P,person,BY,
130211,EU.6395.48,P,person,BY,
130218,EU.6396.47,P,person,BY,
130225,EU.6397.46,P,person,BY,
130232,EU.6398.45,P,person,BY,
130239,EU.6399.44,P,person,BY,
130246,EU.6400.50,P,person,BY,
130262,EU.6402.48,P,person,BY,
130269,EU.6403.47,P,person,BY,
130284,EU.6405.45,P,person,BY,
130292,EU.6406.44,P,person,BY,
130299,EU.6407.43,P,person,BY,
130306,EU.6408.42,P,person,BY,
130313,EU.6409.41,P,person,BY,
130320,EU.6410.19,P,person,BY,
130327,EU.6411.18,P,person,BY,
130334,EU.6412.17,P,person,BY,
130341,EU.6413.16,P,person,BY,
130348,EU.6414.15,P,person,BY,
130355,EU.6415.14,P,person,BY,
130362,EU.6416.13,P,person,BY,
130369,EU.6417.12,P,person,BY,
130392,EU.6431.53,P,person,MM,
130402,EU.6433.51,P,person,MM,
130410,EU.6434.50,P,person,MM,
130416,EU.6435.49,P,person,MM,
130421,EU.6436.48,P,person,MM,
130424,EU.6437.47,P,person,MM,
130427,EU.6438.46,P,person,MM,
130480,EU.6451.88,P,person,BY,
130488,EU.6452.87,P,person,BY,
130495,EU.6453.86,P,person,BY,
130502,EU.6454.85,P,person,BY,
130511,EU.6455.84,P,person,BY,
130531,EU.6458.81,P,person,BY,
130549,EU.6460.58,P,person,BY,
130611,EU.6471.26,P,person,SY,
130928,EU.6512.26,P,person,BY,
130968,EU.6532.61,P,person,MM,
130974,EU.6533.60,P,person,BY,
130983,EU.6534.59,P,person,BY,
130991,EU.6535.58,P,person,BY,
131000,EU.6536.57,P,person,BY,
131207,EU.6572.34,P,person,NI,
131213,EU.6573.33,P,person,NI,
131216,EU.6574.32,P,person,NI,
131228,EU.6577.29,P,person,NI,
131232,EU.6578.28,P,person,NI,
131237,EU.6579.27,P,person,NI,
131241,EU.6580.5,P,person,NI,
131559,EU.6632.70,P,person,RU,(the Union does not recognise passports issued by the Russian Federation in Crimea)
131559,EU.6632.70,P,person,UA,(the Union does not recognise passports issued by the Russian Federation in Crimea)
131566,EU.6633.69,P,person,RU,(the Union does not recognise passports issued by the Russian Federation in Crimea)
131566,EU.6633.69,P,person,UA,
131573,EU.6634.68,P,person,RU,
131584,EU.6636.66,P,person,RU,
131590,EU.6637.65,P,person,RU,(the Union does not recognise passports issued by the Russian Federation in Crimea)
131590,EU.6637.65,P,person,UA,
131598,EU.6638.64,P,person,RU,(the Union does not recognise passports issued by the Russian Federation in Crimea)
131598,EU.6638.64,P,person,UA,
131610,EU.6640.41,P,person,RU,
131688,EU.6652.8,P,person,LY,
131805,EU.6672.43,P,person,YE,
131821,EU.6673.42,P,person,YE,
131829,EU.6674.41,P,person,YE,
131957,EU.6692.78,P,person,BY,
131964,EU.6693.77,P,person,BY,
131973,EU.6694.76,P,person,BY,
131981,EU.6695.75,P,person,BY,
131986,EU.6696.74,P,person,BY,
131993,EU.6697.73,P,person,BY,
132001,EU.6698.72,P,person,BY,
132024,EU.6701.76,P,person,BY,
132048,EU.6704.73,P,person,BY,
132064,EU.6706.71,P,person,BY,
132081,EU.6708.69,P,person,BY,
132191,EU.6732.79,P,person,TT,
132191,EU.6732.79,P,person,US,
132225,EU.6752.17,P,person,RU,
132231,EU.6753.16,P,person,RU,
132263,EU.6759.10,P,person,RU,
132270,EU.6760.85,P,person,RU,
132522,EU.6773.51,P,person,RU,
132544,EU.6775.49,P,person,RU,
132556,EU.6777.47,P,person,RU,
132594,EU.6792.87,P,person,BY,
132603,EU.6793.86,P,person,BY,
132616,EU.6794.85,P,person,BY,
132627,EU.6795.84,P,person,BY,
132638,EU.6796.83,P,person,BY,
132649,EU.6797.82,P,person,BY,
132803,EU.6812.53,P,person,NI,
132808,EU.6813.52,P,person,NI,
132814,EU.6814.51,P,person,NI,
132817,EU.6815.50,P,person,NI,
132820,EU.6816.49,P,person,NI,
132823,EU.6817.48,P,person,NI,
132825,EU.6818.47,P,person,NI,
132874,EU.6832.88,P,person,AF,
132888,EU.6833.87,P,person,CF,
132966,EU.6852.26,P,person,TN,
133283,EU.6872.61,P,person,PK,(presumed)
133323,EU.6892.96,P,person,RU,
133376,EU.6913.61,P,person,MM,
133383,EU.6914.60,P,person,MM,
133388,EU.6915.59,P,person,MM,
133395,EU.6916.58,P,person,MM,
133399,EU.6917.57,P,person,MM,
133403,EU.6918.56,P,person,MM,
133407,EU.6919.55,P,person,MM,
133411,EU.6920.33,P,person,MM,
133415,EU.6921.32,P,person,MM,
133419,EU.6922.31,P,person,MM,
133422,EU.6923.30,P,person,MM,
133426,EU.6924.29,P,person,MM,
133430,EU.6925.28,P,person,MM,
133434,EU.6926.27,P,person,MM,
133438,EU.6927.26,P,person,MM,
133442,EU.6928.25,P,person,MM,
133446,EU.6929.24,P,person,MM,
133450,EU.6930.2,P,person,MM,
133454,EU.6931.1,P,person,MM,
133458,EU.6932.0,P,person,MM,
133461,EU.6933.96,P,person,MM,
133464,EU.6934.95,P,person,MM,
133503,EU.6952.35,P,person,ML,
133505,EU.6953.34,P,person,ML,
133516,EU.6955.32,P,person,ML,
135219,EU.7370.6,P,person,RU,
135224,EU.7371.5,P,person,RU,
135229,EU.7372.4,P,person,RU,
135238,EU.7374.2,P,person,RU,
135243,EU.7375.1,P,person,RU,
135253,EU.7377.96,P,person,RU,
135258,EU.7378.95,P,person,RU,
135263,EU.7379.94,P,person,RU,
135268,EU.7380.72,P,person,RU,
135278,EU.7382.70,P,person,RU,
135282,EU.7383.69,P,person,RU,
135287,EU.7384.68,P,person,RU,
135296,EU.7386.66,P,person,RU,
135301,EU.7387.65,P,person,RU,
135306,EU.7388.64,P,person,RU,
135316,EU.7390.41,P,person,RU,
135321,EU.7391.40,P,person,RU,
135327,EU.7392.39,P,person,RU,
135824,EU.7490.50,P,person,BY,
135829,EU.7491.49,P,person,BY,
135833,EU.7492.48,P,person,BY,
135838,EU.7493.47,P,person,BY,
135842,EU.7494.46,P,person,BY,
135846,EU.7495.45,P,person,BY,
135850,EU.7496.44,P,person,BY,
135854,EU.7497.43,P,person,BY,
135859,EU.7498.42,P,person,BY,
135864,EU.7499.41,P,person,BY,
135869,EU.7500.47,P,person,BY,
135873,EU.7501.46,P,person,BY,
135885,EU.7505.42,P,person,BY,
135890,EU.7506.41,P,person,BY,
135894,EU.7507.40,P,person,BY,
135904,EU.7509.38,P,person,BY,
136043,EU.7512.14,P,person,RU,
136146,EU.7536.45,P,person,FI,
136146,EU.7536.45,P,person,RU,
136146,EU.7536.45,P,person,AM,
136153,EU.7537.44,P,person,RU,
136270,EU.7553.83,P,person,BY,
136276,EU.7554.82,P,person,BY,
136282,EU.7555.81,P,person,BY,
136288,EU.7556.80,P,person,BY,
136305,EU.7559.77,P,person,BY,
136311,EU.7560.55,P,person,BY,
136317,EU.7561.54,P,person,BY,
136323,EU.7562.53,P,person,BY,
136329,EU.7563.52,P,person,BY,
136340,EU.7565.50,P,person,BY,
136346,EU.7566.49,P,person,BY,
136351,EU.7567.48,P,person,BY,
136356,EU.7568.47,P,person,BY,
136361,EU.7569.46,P,person,BY,
136365,EU.7570.24,P,person,BY,
136369,EU.7571.23,P,person,BY,
136373,EU.7572.22,P,person,BY,
136377,EU.7573.21,P,person,BY,
136381,EU.7574.20,P,person,BY,
136434,EU.7592.57,P,person,BY,
136515,EU.7613.22,P,person,RU,
136525,EU.7615.20,P,person,RU,
136530,EU.7616.19,P,person,RU,
136535,EU.7617.18,P,person,RU,
136559,EU.7620.91,P,person,RU,
136572,EU.7623.88,P,person,RU,
136693,EU.7653.92,P,person,RU,
136726,EU.7661.63,P,person,RU,
136767,EU.7671.32,P,person,RU,
136798,EU.7678.25,P,person,RU,
136820,EU.7683.96,P,person,RU,
136833,EU.7686.93,P,person,RU,
136858,EU.7692.66,P,person,RU,
137652,EU.7792.75,P,person,RU,
137656,EU.7793.74,P,person,RU,
137660,EU.7794.73,P,person,RU,
137664,EU.7795.72,P,person,RU,
137672,EU.7797.70,P,person,RU,
137680,EU.7799.68,P,person,RU,
137684,EU.7800.74,P,person,RU,
137689,EU.7801.73,P,person,RU,
137693,EU.7802.72,P,person,RU,
137697,EU.7803.71,P,person,RU,
137701,EU.7804.70,P,person,RU,
137705,EU.7805.69,P,person,AM,
137908,EU.7832.76,P,person,RU,
137914,EU.7833.75,P,person,RU,
138005,EU.7852.14,P,person,RU,
138010,EU.7853.13,P,person,RU,
138024,EU.7855.11,P,person,RU,
138049,EU.7858.8,P,person,RU,
138057,EU.7860.82,P,person,RU,
138062,EU.7861.81,P,person,FI,
138062,EU.7861.81,P,person,RU,
138069,EU.7862.80,P,person,RU,
138095,EU.7867.75,P,person,RU,
138100,EU.7868.74,P,person,RU,
138100,EU.7868.74,P,person,CY,
138106,EU.7869.73,P,person,RU,
138119,EU.7872.49,P,person,RU,
138127,EU.7873.48,P,person,RU,
138132,EU.7874.47,P,person,RU,
138143,EU.7876.45,P,person,RU,
138155,EU.7878.43,P,person,RU,
138170,EU.7881.19,P,person,RU,
138170,EU.7881.19,P,person,FI,
138176,EU.7882.18,P,person,RU,
138181,EU.7883.17,P,person,RU,
138186,EU.7884.16,P,person,RU,
138190,EU.7885.15,P,person,RU,
138193,EU.7886.14,P,person,RU,
138198,EU.7887.13,P,person,RU,
138202,EU.7888.12,P,person,RU,
138206,EU.7889.11,P,person,RU,
138212,EU.7890.86,P,person,RU,
138217,EU.7891.85,P,person,RU,
139168,EU.8113.62,P,person,KP,
139174,EU.8114.61,P,person,KP,
139180,EU.8115.60,P,person,KP,
139184,EU.8116.59,P,person,KP,
139191,EU.8117.58,P,person,KP,
139198,EU.8118.57,P,person,KP,
139202,EU.8119.56,P,person,KP,
139809,EU.8152.36,P,person,UA,
139815,EU.8153.35,P,person,RU,
139935,EU.8181.41,P,person,RU,
139983,EU.8212.72,P,person,SY,(presumed)
139991,EU.8213.71,P,person,JO,(presumed)
140026,EU.8232.10,P,person,RU,
140031,EU.8233.9,P,person,RU,
140038,EU.8234.8,P,person,RU,
140052,EU.8236.6,P,person,RU,
140059,EU.8237.5,P,person,RU,
140066,EU.8238.4,P,person,RU,
140080,EU.8240.78,P,person,RU,
140087,EU.8241.77,P,person,RU,
140094,EU.8242.76,P,person,RU,
140102,EU.8243.75,P,person,RU,
140109,EU.8244.74,P,person,RU,
140116,EU.8245.73,P,person,RU,
140123,EU.8246.72,P,person,RU,
140130,EU.8247.71,P,person,RU,
140137,EU.8248.70,P,person,RU,
140151,EU.8250.47,P,person,RU,
140158,EU.8251.46,P,person,RU,
140165,EU.8252.45,P,person,RU,
140173,EU.8253.44,P,person,RU,
140180,EU.8254.43,P,person,RU,
140187,EU.8255.42,P,person,RU,
140194,EU.8256.41,P,person,RU,
140206,EU.8258.39,P,person,RU,
140213,EU.8259.38,P,person,RU,
140220,EU.8260.16,P,person,RU,
140227,EU.8261.15,P,person,RU,
140234,EU.8262.14,P,person,RU,
140241,EU.8263.13,P,person,RU,
140256,EU.8266.10,P,person,RU,
140267,EU.8268.8,P,person,RU,
140274,EU.8269.7,P,person,RU,
140285,EU.8271.81,P,person,RU,
140293,EU.8272.80,P,person,RU,
140306,EU.8274.78,P,person,RU,
140314,EU.8275.77,P,person,RU,
140322,EU.8276.76,P,person,RU,
140330,EU.8277.75,P,person,RU,
140338,EU.8278.74,P,person,RU,
140447,EU.8299.11,P,person,RU,
140460,EU.8301.16,P,person,RU,
140468,EU.8302.15,P,person,RU,
140476,EU.8303.14,P,person,RU,
140484,EU.8304.13,P,person,RU,
140489,EU.8305.12,P,person,RU,
140509,EU.8309.8,P,person,RU,
140525,EU.8311.82,P,person,RU,
140535,EU.8313.80,P,person,RU,
140554,EU.8317.76,P,person,UA,
140559,EU.8318.75,P,person,UA,
140564,EU.8319.74,P,person,UA,
140599,EU.8327.45,P,person,BY,
140606,EU.8328.44,P,person,BY,
140613,EU.8329.43,P,person,BY,
140620,EU.8330.21,P,person,CS,
140626,EU.8331.20,P,person,BY,
140633,EU.8332.19,P,person,BY,
140664,EU.8336.15,P,person,BY,
140679,EU.8338.13,P,person,BY,
140686,EU.8339.12,P,person,BY,
140694,EU.8340.87,P,person,BY,
140900,EU.8352.54,P,person,RU,
140905,EU.8353.53,P,person,RU,
140910,EU.8354.52,P,person,RU,
140915,EU.8355.51,P,person,RU,
140921,EU.8356.50,P,person,RS,
140921,EU.8356.50,P,person,HR,
140928,EU.8357.49,P,person,RU,
140934,EU.8358.48,P,person,RU,
141328,EU.8392.27,P,person,RU,
141338,EU.8394.25,P,person,RU,
141348,EU.8395.24,P,person,UA,
141354,EU.8396.23,P,person,RU,
141362,EU.8397.22,P,person,BY,
141403,EU.8412.90,P,person,ML,
141413,EU.8413.89,P,person,MR,
141424,EU.8414.88,P,person,BF,
141628,EU.8432.28,P,person,SO,
141662,EU.8452.63,P,person,RU,
141672,EU.8454.61,P,person,RU,
141677,EU.8455.60,P,person,RU,
141690,EU.8512.2,P,person,RU,
141695,EU.8513.1,P,person,RU,
141702,EU.8456.59,P,person,RU,
141712,EU.8458.57,P,person,RU,
141717,EU.8459.56,P,person,RU,
141727,EU.8461.33,P,person,RU,
141738,EU.8463.31,P,person,UA,
141750,EU.8465.29,P,person,UA,
141756,EU.8466.28,P,person,UA,
141768,EU.8468.26,P,person,RU,
141781,EU.8471.2,P,person,RU,
141839,EU.8481.68,P,person,RU,
141844,EU.8482.67,P,person,RU,
141849,EU.8483.66,P,person,RU,
141854,EU.8484.65,P,person,RU,
141898,EU.8491.37,P,person,RU,
141903,EU.8492.36,P,person,RU,
141920,EU.8514.0,P,person,RU,
141925,EU.8515.96,P,person,RU,
141961,EU.8518.93,P,person,RU,
141974,EU.8520.70,P,person,RU,
141980,EU.8521.69,P,person,RU,
141985,EU.8522.68,P,person,RU,
141991,EU.8523.67,P,person,RU,
141996,EU.8524.66,P,person,RU,
142653,EU.8572.10,P,person,RU,
142662,EU.8573.9,P,person,RU,
142675,EU.8575.7,P,person,RU,
142682,EU.8576.6,P,person,RU,
142688,EU.8577.5,P,person,RU,
142826,EU.8579.3,P,person,SY,
142906,EU.8583.75,P,person,SY,
143241,EU.8633.45,P,person,RU,
143247,EU.8634.44,P,person,RU,
143253,EU.8635.43,P,person,RU,
143259,EU.8636.42,P,person,UA,
143278,EU.8639.39,P,person,RU,
143283,EU.8640.17,P,person,RU,
143289,EU.8641.16,P,person,RU,
143295,EU.8642.15,P,person,RU,
143301,EU.8643.14,P,person,RU,
143307,EU.8644.13,P,person,RU,
143313,EU.8645.12,P,person,RU,
143345,EU.8672.19,P,person,UA,
143345,EU.8672.19,P,person,RU,
143351,EU.8673.18,P,person,UA,
143389,EU.8692.54,P,person,UA,
143443,EU.8712.20,P,person,RU,
143447,EU.8713.19,P,person,RU,
143460,EU.8732.55,P,person,RU,
144289,EU.8752.90,P,person,YE,
144297,EU.8753.89,P,person,YE,
144313,EU.8754.88,P,person,RU,
144318,EU.8755.87,P,person,RU,
144324,EU.8772.28,P,person,UA,
144324,EU.8772.28,P,person,RU,
144337,EU.8774.26,P,person,RU,
144343,EU.8756.86,P,person,RU,
144348,EU.8757.85,P,person,RU,
144353,EU.8758.84,P,person,RU,
144358,EU.8759.83,P,person,RU,
144362,EU.8775.25,P,person,RU,
144368,EU.8776.24,P,person,RU,
144372,EU.8777.23,P,person,RU,
144378,EU.8778.22,P,person,RU,
144383,EU.8779.21,P,person,RU,
144393,EU.8781.95,P,person,RU,
144398,EU.8782.94,P,person,RU,
144403,EU.8783.93,P,person,RU,
144408,EU.8784.92,P,person,RU,
144413,EU.8785.91,P,person,RU,
144440,EU.8786.90,P,person,RU,
144445,EU.8787.89,P,person,UA,
144450,EU.8788.88,P,person,RU,
144455,EU.8789.87,P,person,RU,
144465,EU.8791.64,P,person,RU,
144470,EU.8792.63,P,person,RU,
144475,EU.8793.62,P,person,RU,
144480,EU.8794.61,P,person,RU,
144485,EU.8795.60,P,person,RU,
144495,EU.8797.58,P,person,RU,
144580,EU.8812.29,P,person,RU,
144603,EU.8852.2,P,person,YE,
144852,EU.8892.72,P,person,IR,
144857,EU.8893.71,P,person,IR,
144861,EU.8894.70,P,person,IR,
144880,EU.8912.38,P,person,IR,
144885,EU.8913.37,P,person,IR,
144888,EU.8914.36,P,person,IR,
144891,EU.8915.35,P,person,IR,
144895,EU.8916.34,P,person,IR,
144901,EU.8932.73,P,person,IR,
144904,EU.8933.72,P,person,IR,
145109,EU.8952.11,P,person,IR,
145112,EU.8953.10,P,person,IR,
145150,EU.8973.45,P,person,IR,
145349,EU.9013.41,P,person,RU,
145357,EU.9014.40,P,person,RU,
145373,EU.9016.38,P,person,RU,
145381,EU.9017.37,P,person,RU,
145386,EU.9018.36,P,person,RU,
145394,EU.9019.35,P,person,RU,
145402,EU.9020.13,P,person,RU,
145407,EU.9021.12,P,person,RU,
145412,EU.9022.11,P,person,CA,
145416,EU.9023.10,P,person,CA,
145426,EU.9025.8,P,person,IR,
145430,EU.9026.7,P,person,IR,
145448,EU.9029.4,P,person,MM,
145452,EU.9030.79,P,person,MM,
145460,EU.9032.77,P,person,MM,
145463,EU.9033.76,P,person,MM,
145468,EU.9034.75,P,person,MM,
145471,EU.9035.74,P,person,MM,
145476,EU.9036.73,P,person,MM,
145481,EU.9037.72,P,person,MM,
145486,EU.9038.71,P,person,MM,
145490,EU.9039.70,P,person,MM,
145493,EU.9040.48,P,person,MM,
145496,EU.9041.47,P,person,MM,
145499,EU.9042.46,P,person,MM,
145502,EU.9043.45,P,person,MM,
145505,EU.9044.44,P,person,MM,
145508,EU.9045.43,P,person,MM,
145511,EU.9046.42,P,person,MM,
145515,EU.9047.41,P,person,MM,
145521,EU.9048.40,P,person,MM,
145599,EU.9052.15,P,person,IR,
145603,EU.9053.14,P,person,IR,
145684,EU.9072.50,P,person,IR,
145691,EU.9073.49,P,person,IR,
145698,EU.9074.48,P,person,IR,
145703,EU.9075.47,P,person,IR,
145709,EU.9076.46,P,person,IR,
145712,EU.9077.45,P,person,IR,
145722,EU.9079.43,P,person,IR,
145728,EU.9080.21,P,person,IR,
145734,EU.9081.20,P,person,IR,
145737,EU.9082.19,P,person,IR,
145743,EU.9083.18,P,person,IR,
145746,EU.9084.17,P,person,IR,
145750,EU.9085.16,P,person,IR,
145754,EU.9086.15,P,person,IR,
145758,EU.9087.14,P,person,IR,
145780,EU.9088.13,P,person,IR,
145784,EU.9089.12,P,person,IR,
145787,EU.9090.87,P,person,IR,
145790,EU.9091.86,P,person,IR,
145794,EU.9092.85,P,person,IR,
145799,EU.9093.84,P,person,IR,
145803,EU.9094.83,P,person,IR,
145807,EU.9095.82,P,person,IR,
145812,EU.9096.81,P,person,IR,
145818,EU.9097.80,P,person,IR,
145823,EU.9098.79,P,person,IR,
145855,EU.9102.82,P,person,IR,
146021,EU.9112.51,P,person,HT,
146090,EU.9133.85,P,person,UG,
146097,EU.9134.84,P,person,CD,
146101,EU.9135.83,P,person,CD,
146112,EU.9137.81,P,person,CD,
146115,EU.9138.80,P,person,CD,
146119,EU.9139.79,P,person,BE,
146209,EU.9153.23,P,person,RU,
146214,EU.9154.22,P,person,RU,
146219,EU.9155.21,P,person,RU,
146224,EU.9156.20,P,person,RU,
146229,EU.9157.19,P,person,RU,
146244,EU.9158.18,P,person,RU,
146249,EU.9159.17,P,person,RU,
146254,EU.9160.92,P,person,RU,
146259,EU.9161.91,P,person,RU,
146264,EU.9162.90,P,person,RU,
146269,EU.9163.89,P,person,RU,
146274,EU.9164.88,P,person,RU,
146279,EU.9165.87,P,person,RU,
146284,EU.9166.86,P,person,RU,
146289,EU.9167.85,P,person,RU,
146294,EU.9168.84,P,person,RU,
146299,EU.9169.83,P,person,RU,
146304,EU.9170.61,P,person,RU,
146312,EU.9171.60,P,person,IR,
146317,EU.9172.59,P,person,IR,
146321,EU.9173.58,P,person,IR,
146327,EU.9174.57,P,person,IR,
146332,EU.9175.56,P,person,IR,
146337,EU.9176.55,P,person,RU,
146342,EU.9177.54,P,person,RU,
146347,EU.9178.53,P,person,RU,
146352,EU.9179.52,P,person,RU,
146357,EU.9180.30,P,person,RU,
146362,EU.9181.29,P,person,RU,
146367,EU.9182.28,P,person,RU,
146377,EU.9184.26,P,person,RU,
146382,EU.9185.25,P,person,RU,
146387,EU.9186.24,P,person,RU,
146392,EU.9187.23,P,person,RU,
146397,EU.9188.22,P,person,IR,
146403,EU.9189.21,P,person,IR,
146410,EU.9190.96,P,person,IR,
146415,EU.9191.95,P,person,IR,
146419,EU.9192.94,P,person,IR,
146428,EU.9194.92,P,person,IR,
146432,EU.9195.91,P,person,RU,
146438,EU.9196.90,P,person,IR,
146444,EU.9198.88,P,person,IR,
146449,EU.9199.87,P,person,IR,
146453,EU.9200.93,P,person,IR,
146457,EU.9201.92,P,person,IR,
146461,EU.9202.91,P,person,RU,
146466,EU.9203.90,P,person,IR,
146470,EU.9204.89,P,person,IR,
146474,EU.9205.88,P,person,IR,
146484,EU.9207.86,P,person,RU,
146491,EU.9208.85,P,person,RU,
146496,EU.9209.84,P,person,RU,
146501,EU.9210.62,P,person,RU,
146506,EU.9211.61,P,person,RU,
146516,EU.9213.59,P,person,RU,
146521,EU.9214.58,P,person,RU,
146540,EU.9232.95,P,person,RU,
146545,EU.9233.94,P,person,RU,
146550,EU.9234.93,P,person,RU,
146555,EU.9235.92,P,person,RU,
146560,EU.9236.91,P,person,RU,
146565,EU.9237.90,P,person,RU,
146570,EU.9238.89,P,person,RU,
146575,EU.9239.88,P,person,RU,
146580,EU.9240.66,P,person,RU,
146585,EU.9241.65,P,person,RU,
146590,EU.9242.64,P,person,RU,
146595,EU.9243.63,P,person,RU,
146600,EU.9244.62,P,person,RU,
146605,EU.9245.61,P,person,RU,
146610,EU.9246.60,P,person,RU,
146615,EU.9247.59,P,person,RU,
146625,EU.9249.57,P,person,RU,
146630,EU.9250.35,P,person,RU,
146645,EU.9253.32,P,person,RU,
146650,EU.9254.31,P,person,RU,
146665,EU.9256.29,P,person,RU,
146672,EU.9257.28,P,person,RU,
146685,EU.9259.26,P,person,RU,
146693,EU.9260.4,P,person,RU,
146698,EU.9261.3,P,person,RU,
146703,EU.9262.2,P,person,RU,
146708,EU.9263.1,P,person,RU,
146713,EU.9264.0,P,person,RU,
146718,EU.9265.96,P,person,RU,
146738,EU.9272.68,P,person,RU,
146743,EU.9273.67,P,person,RU,
146748,EU.9274.66,P,person,RU,
146753,EU.9275.65,P,person,RU,
146758,EU.9276.64,P,person,RU,
146763,EU.9277.63,P,person,RU,
146768,EU.9278.62,P,person,RU,
146773,EU.9279.61,P,person,RU,
146777,EU.9280.39,P,person,RU,
146781,EU.9281.38,P,person,RU,
146786,EU.9282.37,P,person,RU,
146790,EU.9283.36,P,person,RU,
146794,EU.9284.35,P,person,RU,
146798,EU.9285.34,P,person,RU,
146803,EU.9286.33,P,person,RU,
146807,EU.9287.32,P,person,RU,
146811,EU.9288.31,P,person,RU,
146815,EU.9289.30,P,person,RU,
146819,EU.9290.8,P,person,RU,
146823,EU.9291.7,P,person,RU,
146827,EU.9292.6,P,person,RU,
146831,EU.9293.5,P,person,RU,
146835,EU.9294.4,P,person,RU,
146839,EU.9295.3,P,person,RU,
146843,EU.9296.2,P,person,RU,
146847,EU.9297.1,P,person,RU,
146851,EU.9298.0,P,person,RU,
146855,EU.9299.96,P,person,RU,
146859,EU.9300.5,P,person,RU,
146864,EU.9301.4,P,person,RU,
146868,EU.9302.3,P,person,RU,
146872,EU.9303.2,P,person,RU,
146876,EU.9304.1,P,person,RU,
146880,EU.9305.0,P,person,RU,
146884,EU.9306.96,P,person,RU,
146888,EU.9307.95,P,person,RU,
146892,EU.9308.94,P,person,RU,
146897,EU.9309.93,P,person,RU,
146902,EU.9310.71,P,person,RU,
146907,EU.9311.70,P,person,RU,
146912,EU.9312.69,P,person,RU,
146917,EU.9313.68,P,person,RU,
146931,EU.9315.66,P,person,UA,
146940,EU.9332.7,P,person,UA,
146948,EU.9333.6,P,person,RU,
146953,EU.9334.5,P,person,RU,
146958,EU.9335.4,P,person,RU,
146963,EU.9336.3,P,person,RU,
146968,EU.9337.2,P,person,RU,
146973,EU.9338.1,P,person,RU,
146984,EU.9340.75,P,person,RU,
146990,EU.9341.74,P,person,RU,
146995,EU.9342.73,P,person,RU,
147000,EU.9343.72,P,person,RU,
147005,EU.9344.71,P,person,RU,
147010,EU.9345.70,P,person,RU,
147015,EU.9346.69,P,person,RU,
147020,EU.9347.68,P,person,RU,
147026,EU.9348.67,P,person,RU,
147032,EU.9349.66,P,person,RU,
147037,EU.9350.44,P,person,RU,
147042,EU.9351.43,P,person,RU,
147048,EU.9352.42,P,person,RU,
147054,EU.9353.41,P,person,RU,
147296,EU.9412.78,P,person,RU,
147300,EU.9413.77,P,person,RU,
147305,EU.9414.76,P,person,RU,
147310,EU.9415.75,P,person,RU,
147330,EU.9418.72,P,person,RU,
147330,EU.9418.72,P,person,UA,
147341,EU.9419.71,P,person,RU,
147392,EU.9426.43,P,person,KP,
147399,EU.9427.42,P,person,KP,
147407,EU.9428.41,P,person,KP,
147413,EU.9429.40,P,person,KP,
147420,EU.9430.18,P,person,KP,
147449,EU.9433.15,P,person,IR,
147454,EU.9434.14,P,person,IR,
147458,EU.9435.13,P,person,IR,
147462,EU.9436.12,P,person,IR,
147507,EU.9444.80,P,person,KP,
147514,EU.9445.79,P,person,KP,
147518,EU.9446.78,P,person,KP,
148283,EU.9472.86,P,person,IR,
148288,EU.9473.85,P,person,IR,
148293,EU.9474.84,P,person,IR,
148300,EU.9475.83,P,person,IR,
148305,EU.9476.82,P,person,IR,
148312,EU.9477.81,P,person,IR,
148317,EU.9478.80,P,person,IR,
148327,EU.9479.79,P,person,IR,
148332,EU.9480.57,P,person,IR,
148337,EU.9481.56,P,person,IR,
148345,EU.9482.55,P,person,IR,
148352,EU.9483.54,P,person,IR,
148356,EU.9484.53,P,person,IR,
148363,EU.9485.52,P,person,IR,
148370,EU.9486.51,P,person,IR,
148374,EU.9487.50,P,person,IR,
148378,EU.9488.49,P,person,IR,
148432,EU.9496.20,P,person,PK,
148488,EU.9512.87,P,person,BY,
149178,EU.9592.33,P,person,MM,
149183,EU.9593.32,P,person,MM,
149194,EU.9595.30,P,person,MM,
149199,EU.9596.29,P,person,MM,
149203,EU.9597.28,P,person,MM,
149207,EU.9598.27,P,person,MM,
149211,EU.9599.26,P,person,MM,
149215,EU.9600.32,P,person,MM,
149219,EU.9601.31,P,person,MM,
149339,EU.9615.93,P,person,IR,
149347,EU.9616.92,P,person,IR,
149350,EU.9617.91,P,person,IR,
149357,EU.9619.89,P,person,IR,
149361,EU.9620.67,P,person,IR,
149365,EU.9621.66,P,person,IR,
149374,EU.9623.64,P,person,IR,
149379,EU.9624.63,P,person,IR,
149382,EU.9625.62,P,person,IR,
149386,EU.9626.61,P,person,IR,
149390,EU.9627.60,P,person,IR,
149393,EU.9628.59,P,person,IR,
149396,EU.9629.58,P,person,IR,
149403,EU.9630.36,P,person,IR,
149408,EU.9631.35,P,person,IR,
149412,EU.9632.34,P,person,IR,
149420,EU.9633.33,P,person,IR,
149427,EU.9634.32,P,person,IR,
149439,EU.9636.30,P,person,IR,
149446,EU.9637.29,P,person,IR,
149451,EU.9638.28,P,person,IR,
149458,EU.9639.27,P,person,IR,
149462,EU.9640.5,P,person,IR,
149467,EU.9641.4,P,person,IR,
149471,EU.9642.3,P,person,IR,
149475,EU.9643.2,P,person,IR,
149479,EU.9644.1,P,person,IR,
149519,EU.9647.95,P,person,RU,
149524,EU.9648.94,P,person,RU,
149530,EU.9649.93,P,person,RU,
149557,EU.9652.69,P,person,RU,
149564,EU.9653.68,P,person,RU,
149570,EU.9654.67,P,person,RU,
149575,EU.9655.66,P,person,RU,
149583,EU.9656.65,P,person,RU,
149589,EU.9657.64,P,person,RU,
149596,EU.9658.63,P,person,RU,
149602,EU.9659.62,P,person,RU,
149608,EU.9660.40,P,person,RU,
149613,EU.9661.39,P,person,RU,
149619,EU.9662.38,P,person,RU,
149628,EU.9663.37,P,person,RU,
149635,EU.9664.36,P,person,RU,
149643,EU.9665.35,P,person,RU,
149648,EU.9666.34,P,person,RU,
149654,EU.9667.33,P,person,RU,
149659,EU.9668.32,P,person,RU,
149663,EU.9669.31,P,person,RU,
149668,EU.9670.9,P,person,RU,
149674,EU.9671.8,P,person,RU,
149679,EU.9672.7,P,person,RU,
149685,EU.9673.6,P,person,RU,
149689,EU.9674.5,P,person,RU,
149696,EU.9675.4,P,person,RU,
149703,EU.9676.3,P,person,RU,
149707,EU.9677.2,P,person,RU,
149720,EU.9679.0,P,person,RU,
149727,EU.9680.75,P,person,RU,
149732,EU.9681.74,P,person,RU,
149736,EU.9682.73,P,person,RU,
149747,EU.9684.71,P,person,RU,
149753,EU.9685.70,P,person,RU,
149758,EU.9686.69,P,person,RU,
149763,EU.9687.68,P,person,RU,
149769,EU.9688.67,P,person,RU,
149775,EU.9689.66,P,person,RU,
149780,EU.9690.44,P,person,RU,
149785,EU.9691.43,P,person,RU,
149790,EU.9692.42,P,person,RU,
149796,EU.9693.41,P,person,RU,
149803,EU.9694.40,P,person,RU,
149808,EU.9695.39,P,person,RU,
149817,EU.9696.38,P,person,UA,
149833,EU.9697.37,P,person,UA,
149880,EU.9712.8,P,person,RU,
149885,EU.9713.7,P,person,RU,
149890,EU.9714.6,P,person,RU,
149895,EU.9715.5,P,person,RU,
149904,EU.9717.3,P,person,RU,
149909,EU.9718.2,P,person,RU,
149914,EU.9719.1,P,person,RU,
149919,EU.9720.76,P,person,RU,
149929,EU.9722.74,P,person,RU,
149934,EU.9723.73,P,person,RU,
149939,EU.9724.72,P,person,RU,
149944,EU.9725.71,P,person,RU,
149950,EU.9726.70,P,person,RU,
149954,EU.9727.69,P,person,RU,
150225,EU.9772.16,P,person,RU,
150241,EU.9775.13,P,person,RU,
150246,EU.9776.12,P,person,RU,
150253,EU.9777.11,P,person,RU,
150261,EU.9778.10,P,person,RU,
150267,EU.9779.9,P,person,RU,
150643,EU.9834.50,P,person,IR,
150649,EU.9835.49,P,person,IR,
150654,EU.9836.48,P,person,IR,
150680,EU.9852.87,P,person,AM,
150687,EU.9853.86,P,person,RU,
150693,EU.9854.85,P,person,RU,
150698,EU.9855.84,P,person,RU,
150702,EU.9856.83,P,person,RU,
150707,EU.9857.82,P,person,UA,
150707,EU.9857.82,P,person,RU,
150714,EU.9858.81,P,person,RU,
150719,EU.9859.80,P,person,RU,
150724,EU.9860.58,P,person,RU,
150729,EU.9861.57,P,person,RU,
150734,EU.9862.56,P,person,RU,
150745,EU.9864.54,P,person,RU,
150745,EU.9864.54,P,person,UA,
150751,EU.9865.53,P,person,IR,
150757,EU.9866.52,P,person,IR,
150764,EU.9867.51,P,person,IR,
150769,EU.9868.50,P,person,IR,
150775,EU.9869.49,P,person,RU,
150780,EU.9870.27,P,person,RU,
150785,EU.9871.26,P,person,RU,
150790,EU.9872.25,P,person,RU,
150795,EU.9873.24,P,person,RU,
150800,EU.9874.23,P,person,IL,
150807,EU.9875.22,P,person,RU,
150812,EU.9876.21,P,person,RU,
150914,EU.9892.60,P,person,RU,
151409,EU.9913.25,P,person,AF,
151414,EU.9914.24,P,person,RU,
151418,EU.9915.23,P,person,RU,
151431,EU.9917.21,P,person,RU,
151447,EU.9919.19,P,person,RU,
151454,EU.9920.94,P,person,SS,
151457,EU.9921.93,P,person,SS,
151464,EU.9922.92,P,person,MM,
151628,EU.9952.96,P,person,AF,
151872,EU.9972.34,P,person,IR,
151879,EU.9973.33,P,person,IR,
151884,EU.9974.32,P,person,IR,
151889,EU.9975.31,P,person,IR,
151893,EU.9976.30,P,person,IR,
151897,EU.9977.29,P,person,IR,
151903,EU.9978.28,P,person,IR,
151908,EU.9979.27,P,person,IR,
152704,EU.10012.1,P,person,TZ,
152779,EU.10015.95,P,person,SY,
152789,EU.10017.93,P,person,SY,
152795,EU.10018.92,P,person,SY,
152799,EU.10019.91,P,person,SY,
152804,EU.10020.69,P,person,SY,
152809,EU.10021.68,P,person,SY,
152815,EU.10022.67,P,person,LB,
152822,EU.10023.66,P,person,SY,
152827,EU.10024.65,P,person,SY,
152839,EU.10026.63,P,person,LB,
152839,EU.10026.63,P,person,SY,
152845,EU.10027.62,P,person,SY,
152849,EU.10028.61,P,person,SY,
152854,EU.10029.60,P,person,SY,
152861,EU.10030.38,P,person,SY,
152870,EU.10031.37,P,person,SY,
152877,EU.10032.36,P,person,SY,
152885,EU.10034.34,P,person,SY,
152892,EU.10035.33,P,person,SY,
152900,EU.10036.32,P,person,SY,
152906,EU.10037.31,P,person,SY,
152920,EU.10038.30,P,person,SY,
152927,EU.10039.29,P,person,SY,
152969,EU.10048.96,P,person,IR,
152976,EU.10050.73,P,person,IR,
152982,EU.10051.72,P,person,IR,
152990,EU.10052.71,P,person,IR,
152997,EU.10053.70,P,person,IR,
153005,EU.10054.69,P,person,IR,
153011,EU.10055.68,P,person,IR,
153124,EU.10072.9,P,person,AF,
153130,EU.10073.8,P,person,AF,
153504,EU.10112.10,P,person,IR,
153508,EU.10113.9,P,person,IR,
153513,EU.10114.8,P,person,IR,
153517,EU.10115.7,P,person,IR,
153522,EU.10116.6,P,person,IR,
153593,EU.10132.45,P,person,RU,
153605,EU.10134.43,P,person,RU,
153611,EU.10135.42,P,person,RU,
153617,EU.10136.41,P,person,RU,
153622,EU.10137.40,P,person,RU,
153634,EU.10139.38,P,person,RU,
153645,EU.10141.15,P,person,RU,
153650,EU.10142.14,P,person,RU,
153656,EU.10143.13,P,person,RU,
153786,EU.10152.80,P,person,RU,
153786,EU.10152.80,P,person,MD,
153792,EU.10153.79,P,person,RU,
153792,EU.10153.79,P,person,MD,
153809,EU.10154.78,P,person,IL,
153809,EU.10154.78,P,person,MD,
153815,EU.10155.77,P,person,MD,
153815,EU.10155.77,P,person,RO,
153820,EU.10156.76,P,person,MD,
153824,EU.10157.75,P,person,RU,
153880,EU.10172.18,P,person,IR,
154103,EU.10212.19,P,person,IR,
154108,EU.10213.18,P,person,IR,
154112,EU.10214.17,P,person,IR,
154120,EU.10232.54,P,person,IR,
154125,EU.10233.53,P,person,IR,
154129,EU.10234.52,P,person,IR,
154203,EU.10252.89,P,person,RU,
154207,EU.10253.88,P,person,RU,
154218,EU.10255.86,P,person,RU,
154223,EU.10256.85,P,person,RU,
154234,EU.10258.83,P,person,RU,
154240,EU.10259.82,P,person,RU,
154246,EU.10260.60,P,person,RU,
154252,EU.10261.59,P,person,RU,
154275,EU.10265.55,P,person,CH,
154275,EU.10265.55,P,person,RU,
154284,EU.10266.54,P,person,RU,
154289,EU.10267.53,P,person,RU,
154294,EU.10268.52,P,person,RU,
154301,EU.10269.51,P,person,RU,
154306,EU.10270.29,P,person,RU,
154306,EU.10270.29,P,person,UA,
154314,EU.10271.28,P,person,RU,
154314,EU.10271.28,P,person,UA,
154322,EU.10272.27,P,person,RU,
154328,EU.10273.26,P,person,UA,
154341,EU.10275.24,P,person,RU,
154346,EU.10276.23,P,person,RU,
154351,EU.10277.22,P,person,RU,
154357,EU.10278.21,P,person,RU,
154362,EU.10279.20,P,person,RU,
154372,EU.10281.94,P,person,RU,
154384,EU.10283.92,P,person,RU,
154391,EU.10284.91,P,person,RU,
154396,EU.10285.90,P,person,RU,
154411,EU.10288.87,P,person,RU,
154425,EU.10291.63,P,person,RU,
154453,EU.10297.57,P,person,RU,
154463,EU.10299.55,P,person,RU,
154471,EU.10300.61,P,person,RU,
154476,EU.10301.60,P,person,RU,
154481,EU.10302.59,P,person,RU,
154486,EU.10303.58,P,person,RU,
154492,EU.10304.57,P,person,RU,
154498,EU.10305.56,P,person,RU,
154503,EU.10306.55,P,person,RU,
154509,EU.10307.54,P,person,RU,
154515,EU.10308.53,P,person,RU,
154522,EU.10309.52,P,person,RU,
154528,EU.10310.30,P,person,RU,
154534,EU.10311.29,P,person,RU,
154540,EU.10312.28,P,person,RU,
154546,EU.10313.27,P,person,RU,
154560,EU.10332.63,P,person,BY,
154567,EU.10333.62,P,person,BY,
154574,EU.10334.61,P,person,RU,
154586,EU.10336.59,P,person,RU,
154593,EU.10337.58,P,person,RU,
154600,EU.10338.57,P,person,RU,
154630,EU.10345.29,P,person,RU,
154635,EU.10346.28,P,person,RU,
155526,EU.10412.37,P,person,RU,
155531,EU.10413.36,P,person,RU,
155536,EU.10414.35,P,person,RU,
155643,EU.10432.72,P,person,MM,
155652,EU.10434.70,P,person,MM,
155656,EU.10435.69,P,person,MM,
155661,EU.10436.68,P,person,MM,
155665,EU.10437.67,P,person,MM,
155669,EU.10438.66,P,person,MM,
155743,EU.10472.45,P,person,IR,
155780,EU.10492.80,P,person,RU,
155787,EU.10493.79,P,person,RU,
155908,EU.10532.81,P,person,AF,
155917,EU.10533.80,P,person,AF,
155925,EU.10534.79,P,person,AF,
155933,EU.10535.78,P,person,SS,
155938,EU.10536.77,P,person,CF,
155950,EU.10538.75,P,person,RU,
155976,EU.10552.19,P,person,IR,
155982,EU.10553.18,P,person,IR,
155990,EU.10555.16,P,person,IR,
155995,EU.10556.15,P,person,IR,
156283,EU.10572.54,P,person,BY,
156291,EU.10573.53,P,person,BY,
156306,EU.10575.51,P,person,BY,
156313,EU.10576.50,P,person,BY,
156323,EU.10577.49,P,person,BY,
156332,EU.10578.48,P,person,BY,
156356,EU.10581.24,P,person,BY,
156364,EU.10582.23,P,person,BY,
156370,EU.10583.22,P,person,BY,
156384,EU.10585.20,P,person,BY,
156392,EU.10586.19,P,person,BY,
156421,EU.10590.91,P,person,BY,
156430,EU.10591.90,P,person,BY,
156447,EU.10593.88,P,person,BY,
156507,EU.10601.87,P,person,BY,
156521,EU.10603.85,P,person,BY,
156545,EU.10612.55,P,person,CD,
156550,EU.10613.54,P,person,CD,Democratic Republic of the Congo
156555,EU.10614.53,P,person,CD,
156560,EU.10615.52,P,person,TZ,
156572,EU.10616.51,P,person,CD,Assumed
156578,EU.10617.50,P,person,CD,Assumed
156588,EU.10619.48,P,person,CD,
156593,EU.10620.26,P,person,RW,
156687,EU.10633.89,P,person,BY,
156694,EU.10634.88,P,person,BY,
156701,EU.10635.87,P,person,BY,
156715,EU.10637.85,P,person,BY,
156722,EU.10638.84,P,person,BY,
156743,EU.10641.60,P,person,BY,
157176,EU.10672.63,P,person,BY,
157206,EU.10673.62,P,person,BY,
157240,EU.10692.1,P,person,BY,
157252,EU.10693.0,P,person,BY,
157266,EU.10694.96,P,person,BY,
157278,EU.10695.95,P,person,BY,
157292,EU.10696.94,P,person,BY,
157320,EU.10712.64,P,person,BY,
157333,EU.10713.63,P,person,BY,
157345,EU.10714.62,P,person,BY,
157360,EU.10715.61,P,person,BY,
157372,EU.10716.60,P,person,BY,
157383,EU.10717.59,P,person,BY,
157396,EU.10718.58,P,person,BY,
157614,EU.10755.34,P,person,RU,
157619,EU.10756.33,P,person,RU,
157624,EU.10757.32,P,person,RU,
157723,EU.10772.72,P,person,IR,
157726,EU.10773.71,P,person,IR,
157732,EU.10774.70,P,person,IR,
157738,EU.10775.69,P,person,IR,
158022,EU.10792.10,P,person,RU,
158022,EU.10792.10,P,person,RO,
158022,EU.10792.10,P,person,MD,
158039,EU.10793.9,P,person,SO,
159126,EU.10852.46,P,person,HT,
159131,EU.10853.45,P,person,HT,
159136,EU.10854.44,P,person,HT,
159141,EU.10855.43,P,person,HT,
159173,EU.10856.42,P,person,IR,
159179,EU.10857.41,P,person,IR,
159185,EU.10858.40,P,person,IR,
159190,EU.10859.39,P,person,IR,
159196,EU.10860.17,P,person,IR,
159201,EU.10861.16,P,person,IR,
159302,EU.10867.10,P,person,MM,
159306,EU.10868.9,P,person,MM,
159310,EU.10869.8,P,person,MM,
159314,EU.10870.83,P,person,MM,
159341,EU.10873.80,P,person,RU,
159528,EU.10892.19,P,person,BY,
159536,EU.10893.18,P,person,BY,
159544,EU.10894.17,P,person,BY,
159552,EU.10895.16,P,person,BY,
159560,EU.10896.15,P,person,BY,
159568,EU.10897.14,P,person,BY,
159575,EU.10898.13,P,person,BY,
159590,EU.10900.18,P,person,BY,
159598,EU.10901.17,P,person,BY,
159606,EU.10902.16,P,person,BY,
159615,EU.10903.15,P,person,BY,
159622,EU.10904.14,P,person,UA,
159635,EU.10907.11,P,person,UA,
159650,EU.10909.9,P,person,RU,
159657,EU.10910.84,P,person,RU,
159664,EU.10911.83,P,person,RU,
159671,EU.10912.82,P,person,RU,
159677,EU.10913.81,P,person,RU,
159685,EU.10914.80,P,person,RU,
159691,EU.10915.79,P,person,RU,
159716,EU.10919.75,P,person,RU,
159722,EU.10920.53,P,person,RU,
159748,EU.10921.52,P,person,RU,
159754,EU.10922.51,P,person,RU,
159763,EU.10924.49,P,person,RU,
159768,EU.10925.48,P,person,RU,
159773,EU.10926.47,P,person,RU,
159783,EU.10928.45,P,person,RU,
159788,EU.10929.44,P,person,RU,
159793,EU.10930.22,P,person,RU,
159798,EU.10931.21,P,person,RU,
159803,EU.10932.20,P,person,RU,
159808,EU.10933.19,P,person,RU,
159813,EU.10934.18,P,person,RU,
159818,EU.10935.17,P,person,RU,
159823,EU.10936.16,P,person,RU,
159828,EU.10937.15,P,person,RU,
159833,EU.10938.14,P,person,RU,
159838,EU.10939.13,P,person,RU,
159838,EU.10939.13,P,person,BY,
159844,EU.10940.88,P,person,RU,
159849,EU.10941.87,P,person,RU,
159855,EU.10942.86,P,person,RU,
159860,EU.10943.85,P,person,RU,
159865,EU.10944.84,P,person,RU,
159870,EU.10945.83,P,person,RU,
159881,EU.10947.81,P,person,RU,
159886,EU.10948.80,P,person,BY,
159893,EU.10949.79,P,person,FR,
159899,EU.10950.57,P,person,RU,
159906,EU.10951.56,P,person,RU,
159913,EU.10952.55,P,person,RU,
159918,EU.10953.54,P,person,RU,
159923,EU.10954.53,P,person,RU,
159931,EU.10955.52,P,person,UA,
160542,EU.11052.59,P,person,RU,
161389,EU.11072.94,P,person,DE,
161515,EU.11082.63,P,person,SD,
161520,EU.11083.62,P,person,LB,
161524,EU.11084.61,P,person,LB,
161529,EU.11085.60,P,person,LB,
161536,EU.11086.59,P,person,PS,
161549,EU.11087.58,P,person,JO,
161665,EU.11098.26,P,person,LY,
161665,EU.11098.26,P,person,SY,
161670,EU.11099.25,P,person,SY,
161673,EU.11100.31,P,person,SY,
161677,EU.11101.30,P,person,IR,
161677,EU.11101.30,P,person,SY,
161684,EU.11102.29,P,person,IR,
161684,EU.11102.29,P,person,SY,
161689,EU.11103.28,P,person,SY,
161856,EU.11113.94,P,person,IR,
161870,EU.11114.93,P,person,RU,
161875,EU.11115.92,P,person,RU,
161883,EU.11116.91,P,person,RU,
161889,EU.11117.90,P,person,RU,
161952,EU.11119.88,P,person,GT,
161957,EU.11120.66,P,person,GT,
161962,EU.11121.65,P,person,GT,
161967,EU.11122.64,P,person,GT,
162046,EU.11132.33,P,person,GT,
162153,EU.11154.66,P,person,RU,
162159,EU.11155.65,P,person,RU,
162163,EU.11156.64,P,person,RU,
162170,EU.11157.63,P,person,RU,
162178,EU.11158.62,P,person,RU,
162194,EU.11160.39,P,person,RU,
162200,EU.11161.38,P,person,RU,
162212,EU.11163.36,P,person,RU,
162238,EU.11167.32,P,person,RU,
162244,EU.11168.31,P,person,RU,
162253,EU.11170.8,P,person,RU,
162259,EU.11171.7,P,person,RU,
162265,EU.11172.6,P,person,RU,
162271,EU.11173.5,P,person,RU,
162301,EU.11179.96,P,person,RU,
162309,EU.11180.74,P,person,RU,
162338,EU.11193.40,P,person,RU,
162347,EU.11195.38,P,person,UA,
162347,EU.11195.38,P,person,RU,
162358,EU.11197.36,P,person,RU,
162363,EU.11198.35,P,person,RU,
162368,EU.11199.34,P,person,RU,
162373,EU.11200.40,P,person,RU,
162378,EU.11201.39,P,person,RU,
162383,EU.11202.38,P,person,RU,
162394,EU.11204.36,P,person,RU,
162400,EU.11205.35,P,person,RU,
162406,EU.11206.34,P,person,RU,
162412,EU.11207.33,P,person,RU,
162417,EU.11208.32,P,person,RU,
162423,EU.11209.31,P,person,RU,
162435,EU.11211.8,P,person,RU,
162440,EU.11212.7,P,person,RU,
162446,EU.11213.6,P,person,RU,
162452,EU.11214.5,P,person,RU,
162459,EU.11215.4,P,person,RU,
162464,EU.11216.3,P,person,RU,
162474,EU.11218.1,P,person,RU,
162479,EU.11219.0,P,person,RU,
162484,EU.11220.75,P,person,RU,
162497,EU.11222.73,P,person,RU,
162502,EU.11223.72,P,person,RU,
162508,EU.11224.71,P,person,RU,
162513,EU.11225.70,P,person,RU,
162519,EU.11226.69,P,person,RU,
162524,EU.11227.68,P,person,RU,
162530,EU.11228.67,P,person,RU,
162537,EU.11229.66,P,person,UA,
162544,EU.11230.44,P,person,RU,
162550,EU.11231.43,P,person,RU,
162556,EU.11232.42,P,person,RU,
162563,EU.11233.41,P,person,RU,
162569,EU.11234.40,P,person,RU,
162575,EU.11235.39,P,person,RU,
162583,EU.11236.38,P,person,UA,
162593,EU.11237.37,P,person,UA,
162757,EU.11272.15,P,person,RU,
162762,EU.11273.14,P,person,RU,
162769,EU.11274.13,P,person,RU,
162774,EU.11275.12,P,person,RU,
162779,EU.11276.11,P,person,RU,
162796,EU.11279.8,P,person,UA,
162805,EU.11280.83,P,person,UA,
162813,EU.11281.82,P,person,BY,
162828,EU.11283.80,P,person,UA,
162834,EU.11284.79,P,person,RU,
162840,EU.11285.78,P,person,BY,
162858,EU.11288.75,P,person,RU,
162869,EU.11290.52,P,person,RU,
162881,EU.11292.50,P,person,RU,
162894,EU.11294.48,P,person,RU,
162901,EU.11295.47,P,person,RU,
162905,EU.11296.46,P,person,KP,
162917,EU.11298.44,P,person,RU,
162924,EU.11299.43,P,person,RU,
162930,EU.11300.49,P,person,RU,
162937,EU.11301.48,P,person,UA,
162937,EU.11301.48,P,person,RU,
162950,EU.11303.46,P,person,RU,
162955,EU.11304.45,P,person,UA,
162955,EU.11304.45,P,person,RU,
162963,EU.11305.44,P,person,RU,
162969,EU.11306.43,P,person,RU,
162975,EU.11307.42,P,person,RU,
162983,EU.11308.41,P,person,RU,
162989,EU.11309.40,P,person,RU,
162994,EU.11310.18,P,person,RU,
163009,EU.11312.16,P,person,RU,
163019,EU.11313.15,P,person,RU,
163033,EU.11315.13,P,person,BY,
163040,EU.11316.12,P,person,BY,
163052,EU.11318.10,P,person,RU,
163067,EU.11320.84,P,person,RU,
163067,EU.11320.84,P,person,UA,
163075,EU.11321.83,P,person,RU,
163080,EU.11322.82,P,person,RU,
163086,EU.11323.81,P,person,BY,
163584,EU.11399.52,P,person,MD,
163584,EU.11399.52,P,person,RO,
163589,EU.11400.58,P,person,RU,
163594,EU.11401.57,P,person,MD,
163599,EU.11402.56,P,person,MD,
163605,EU.11403.55,P,person,MD,
163610,EU.11404.54,P,person,MD,
164220,EU.11412.25,P,person,RU,
164241,EU.11413.24,P,person,RU,
164246,EU.11414.23,P,person,RU,
164252,EU.11415.22,P,person,RU,
164257,EU.11416.21,P,person,RU,
164262,EU.11417.20,P,person,RU,
164267,EU.11418.19,P,person,RU,
164272,EU.11419.18,P,person,RU,
164277,EU.11420.93,P,person,RU,
164282,EU.11421.92,P,person,RU,
164288,EU.11422.91,P,person,RU,
164294,EU.11423.90,P,person,RU,
164300,EU.11424.89,P,person,RU,
164305,EU.11425.88,P,person,RU,
164310,EU.11426.87,P,person,RU,
164315,EU.11427.86,P,person,RU,
164320,EU.11428.85,P,person,RU,
164325,EU.11429.84,P,person,RU,
164330,EU.11430.62,P,person,RU,
164336,EU.11431.61,P,person,RU,
164342,EU.11432.60,P,person,RU,
164347,EU.11433.59,P,person,RU,
164352,EU.11434.58,P,person,RU,
164357,EU.11435.57,P,person,RU,
164362,EU.11436.56,P,person,RU,
164367,EU.11437.55,P,person,RU,
164371,EU.11438.54,P,person,RU,
164376,EU.11439.53,P,person,RU,
164380,EU.11440.31,P,person,RU,
164384,EU.11441.30,P,person,RU,
164389,EU.11442.29,P,person,RU,
164394,EU.11443.28,P,person,RU,
164399,EU.11444.27,P,person,RU,
164403,EU.11445.26,P,person,RU,
165085,EU.11492.68,P,person,IL,
165091,EU.11493.67,P,person,IL,
165096,EU.11494.66,P,person,IL,
165101,EU.11495.65,P,person,IL,
165590,EU.11572.42,P,person,RU,
165602,EU.11574.40,P,person,RU,
165632,EU.11592.77,P,person,RU,
165636,EU.11593.76,P,person,RU,
165640,EU.11594.75,P,person,RU,
165645,EU.11595.74,P,person,RU,
165652,EU.11596.73,P,person,RU,
165657,EU.11597.72,P,person,RU,
165672,EU.11599.70,P,person,RU,
165686,EU.11601.75,P,person,RU,
165702,EU.11603.73,P,person,RU,
165707,EU.11604.72,P,person,RU,
165712,EU.11605.71,P,person,RU,
165717,EU.11606.70,P,person,RU,
165748,EU.11609.67,P,person,RU,
165763,EU.11611.44,P,person,RU,
165767,EU.11612.43,P,person,RU,
165777,EU.11614.41,P,person,RU,
165790,EU.11615.40,P,person,RU,
165795,EU.11616.39,P,person,RU,
165809,EU.11618.37,P,person,KP,
165826,EU.11620.14,P,person,KP,
165834,EU.11622.12,P,person,KP,
165849,EU.11625.9,P,person,KP,
165977,EU.11632.78,P,person,IL,
165977,EU.11632.78,P,person,UA,
165986,EU.11633.77,P,person,RU,
166055,EU.11636.74,P,person,RU,
166060,EU.11637.73,P,person,RU,
166064,EU.11638.72,P,person,RU,
166071,EU.11639.71,P,person,RU,
166076,EU.11640.49,P,person,RU,
166080,EU.11641.48,P,person,RU,
166084,EU.11642.47,P,person,RU,
166088,EU.11643.46,P,person,RU,
166100,EU.11644.45,P,person,RU,
166105,EU.11645.44,P,person,RU,
166112,EU.11646.43,P,person,RU,
166122,EU.11648.41,P,person,RU,
166127,EU.11649.40,P,person,RU,
166132,EU.11650.18,P,person,RU,
166132,EU.11650.18,P,person,UA,
166161,EU.11655.13,P,person,RU,
166170,EU.11657.11,P,person,RU,
166333,EU.11692.86,P,person,IR,
166339,EU.11693.85,P,person,IR,
166346,EU.11694.84,P,person,IR,
166356,EU.11695.83,P,person,IR,
166362,EU.11696.82,P,person,IR,
166374,EU.11697.81,P,person,IR,
166475,EU.11701.84,P,person,RU,
166481,EU.11702.83,P,person,RU,
166496,EU.11704.81,P,person,DE,
166496,EU.11704.81,P,person,RU,
166506,EU.11705.80,P,person,RU,
166518,EU.11707.78,P,person,RU,
166524,EU.11708.77,P,person,RU,
166532,EU.11709.76,P,person,RU,
166537,EU.11710.54,P,person,RU,
166541,EU.11711.53,P,person,RU,
166546,EU.11712.52,P,person,RU,
166550,EU.11713.51,P,person,RU,
166554,EU.11714.50,P,person,RU,
166558,EU.11715.49,P,person,RU,
166566,EU.11732.87,P,person,UA,
166579,EU.11734.85,P,person,RU,
166586,EU.11735.84,P,person,BY,
166601,EU.11737.82,P,person,RU,
166614,EU.11739.80,P,person,RU,
166620,EU.11740.58,P,person,RU,
166626,EU.11741.57,P,person,RU,
166638,EU.11743.55,P,person,RU,
166645,EU.11744.54,P,person,RU,
166650,EU.11745.53,P,person,RU,
166655,EU.11746.52,P,person,RU,
166660,EU.11747.51,P,person,RU,
166758,EU.11760.93,P,person,RU,
166764,EU.11761.92,P,person,RU,
166769,EU.11762.91,P,person,RU,
166789,EU.11765.88,P,person,RU,
166794,EU.11766.87,P,person,RU,
166799,EU.11767.86,P,person,RU,
166814,EU.11769.84,P,person,RU,
166818,EU.11770.62,P,person,RU,
166822,EU.11771.61,P,person,RU,
166827,EU.11772.60,P,person,RU,
166913,EU.11787.24,P,person,RU,
166923,EU.11789.22,P,person,RU,
166927,EU.11790.0,P,person,RU,
166932,EU.11791.96,P,person,RU,
166937,EU.11792.95,P,person,RU,
166943,EU.11793.94,P,person,RU,
167042,EU.11816.57,P,person,RU,
167049,EU.11817.56,P,person,BY,
167057,EU.11818.55,P,person,RU,
167327,EU.11832.96,P,person,SD,
167330,EU.11833.95,P,person,SD,
167337,EU.11834.94,P,person,SD,
167349,EU.11836.92,P,person,SD,
167367,EU.11839.89,P,person,RU,
167397,EU.11844.63,P,person,RU,
167402,EU.11845.62,P,person,RU,
167419,EU.11848.59,P,person,RU,
167425,EU.11849.58,P,person,RU,
167477,EU.11853.33,P,person,KE,
167477,EU.11853.33,P,person,SO,
167488,EU.11854.32,P,person,SO,
167497,EU.11855.31,P,person,SO,
167634,EU.11872.69,P,person,RU,
167642,EU.11873.68,P,person,RU,
167677,EU.11878.63,P,person,PS,
167681,EU.11879.62,P,person,JO,
167685,EU.11880.40,P,person,IR,
167689,EU.11881.39,P,person,PS,
167693,EU.11882.38,P,person,PS,
167697,EU.11883.37,P,person,PS,
167741,EU.11892.7,P,person,KP,
167811,EU.11913.69,P,person,IL,
167824,EU.11915.67,P,person,IL,
167824,EU.11915.67,P,person,US,
167890,EU.11933.7,P,person,IR,
167900,EU.11934.6,P,person,RU,(Russian: )
167917,EU.11936.4,P,person,LV,
167917,EU.11936.4,P,person,IL,
168264,EU.12012.74,P,person,MM,
168271,EU.12013.73,P,person,MM,
168276,EU.12014.72,P,person,MM,
168308,EU.12032.12,P,person,IL,
168316,EU.12033.11,P,person,IL,
168323,EU.12034.10,P,person,IL,
168382,EU.12052.47,P,person,SY,
168387,EU.12053.46,P,person,SY,
168392,EU.12054.45,P,person,KP,
168409,EU.12058.41,P,person,RU,
168478,EU.12064.14,P,person,RW,
168488,EU.12065.13,P,person,RW,
168504,EU.12066.12,P,person,CD,
168511,EU.12067.11,P,person,CG,
168523,EU.12068.10,P,person,UG,
168546,EU.12071.83,P,person,CG,
169137,EU.12153.55,P,person,BY,
169148,EU.12155.53,P,person,BY,
169154,EU.12156.52,P,person,BY,
169161,EU.12157.51,P,person,BY,
169176,EU.12159.49,P,person,BY,
169200,EU.12162.25,P,person,BY,
169206,EU.12163.24,P,person,BY,
169223,EU.12165.22,P,person,BY,
169238,EU.12167.20,P,person,BY,
169244,EU.12168.19,P,person,BY,
169250,EU.12169.18,P,person,BY,
169256,EU.12170.93,P,person,BY,
169265,EU.12171.92,P,person,BY,
169277,EU.12173.90,P,person,BY,
169284,EU.12174.89,P,person,BY,
169291,EU.12175.88,P,person,BY,
169298,EU.12176.87,P,person,BY,
169305,EU.12177.86,P,person,BY,
169312,EU.12178.85,P,person,BY,
169320,EU.12179.84,P,person,BY,
169336,EU.12181.61,P,person,BY,
169343,EU.12182.60,P,person,BY,
169351,EU.12183.59,P,person,BY,
169828,EU.12212.92,P,person,BY,
170047,EU.12232.30,P,person,IR,
170053,EU.12233.29,P,person,IR,
170058,EU.12234.28,P,person,IR,
170063,EU.12235.27,P,person,IR,
170069,EU.12236.26,P,person,IR,
170075,EU.12237.25,P,person,IR,
170079,EU.12238.24,P,person,IR,
170139,EU.12246.92,P,person,HT,
170142,EU.12247.91,P,person,HT,
170180,EU.12248.90,P,person,MD,
170184,EU.12249.89,P,person,MD,
170189,EU.12250.67,P,person,MD,
170194,EU.12251.66,P,person,MD,
170199,EU.12252.65,P,person,MD,
170430,EU.12272.3,P,person,SD,
170436,EU.12273.2,P,person,SD,
170463,EU.12292.38,P,person,IR,
170560,EU.12312.4,P,person,IR,
170626,EU.12352.74,P,person,SY,
170630,EU.12353.73,P,person,SY,
170635,EU.12354.72,P,person,SY,
170683,EU.12372.12,P,person,HT,
170687,EU.12373.11,P,person,HT,
170694,EU.12374.10,P,person,HT,
170764,EU.12392.47,P,person,RU,
170770,EU.12393.46,P,person,RU,
170793,EU.12396.43,P,person,BY,
170801,EU.12397.42,P,person,BY,
170809,EU.12398.41,P,person,BY,
170825,EU.12400.46,P,person,BY,
170833,EU.12401.45,P,person,BY,
170841,EU.12402.44,P,person,BY,
170847,EU.12403.43,P,person,BY,
170862,EU.12405.41,P,person,BY,
170870,EU.12406.40,P,person,BY,
170878,EU.12407.39,P,person,BY,
170886,EU.12408.38,P,person,BY,
170894,EU.12409.37,P,person,BY,
170902,EU.12410.15,P,person,BY,
170909,EU.12411.14,P,person,BY,
170917,EU.12412.13,P,person,BY,
170925,EU.12413.12,P,person,BY,
170933,EU.12414.11,P,person,BY,
170960,EU.12432.48,P,person,BY,
170968,EU.12433.47,P,person,BY,
170977,EU.12434.46,P,person,BY,
170985,EU.12435.45,P,person,BY,
170994,EU.12436.44,P,person,BY,
171003,EU.12437.43,P,person,RU,
171011,EU.12438.42,P,person,BY,
171019,EU.12439.41,P,person,BY,
171060,EU.12452.83,P,person,BY,
171060,EU.12452.83,P,person,RU,
171123,EU.12492.56,P,person,RU,
171130,EU.12493.55,P,person,RU,
171137,EU.12494.54,P,person,RU,
171144,EU.12495.53,P,person,RU,
171151,EU.12496.52,P,person,RU,
171164,EU.12498.50,P,person,RU,
171171,EU.12499.49,P,person,RU,
171183,EU.12512.22,P,person,RU,
171190,EU.12513.21,P,person,RU,
171196,EU.12514.20,P,person,RU,
171201,EU.12515.19,P,person,RU,
171207,EU.12516.18,P,person,GE,
171213,EU.12517.17,P,person,RU,
171213,EU.12517.17,P,person,UA,
171219,EU.12518.16,P,person,RU,
171225,EU.12519.15,P,person,RU,
171232,EU.12520.90,P,person,RU,
171238,EU.12521.89,P,person,RU,
171250,EU.12522.88,P,person,RU,
171260,EU.12523.87,P,person,RU,
171265,EU.12524.86,P,person,CI,
171269,EU.12525.85,P,person,MD,
171273,EU.12526.84,P,person,RU,
171281,EU.12527.83,P,person,RU,
171299,EU.12531.58,P,person,SD,
171305,EU.12532.57,P,person,SD,
171313,EU.12533.56,P,person,SD,
171367,EU.12557.87,P,person,RU,
171386,EU.12560.63,P,person,RU,
171390,EU.12561.62,P,person,RU,
171400,EU.12563.60,P,person,RU,
171404,EU.12564.59,P,person,RU,
171408,EU.12565.58,P,person,RU,
171412,EU.12566.57,P,person,RU,
171428,EU.12569.54,P,person,RU,
171440,EU.12571.31,P,person,RU,
171446,EU.12572.30,P,person,RU,
171460,EU.12574.28,P,person,RU,
171470,EU.12576.26,P,person,RU,
171476,EU.12577.25,P,person,RU,
171486,EU.12579.23,P,person,KP,
171492,EU.12580.1,P,person,KP,
171500,EU.12582.96,P,person,NL,
171505,EU.12583.95,P,person,RU,
171528,EU.12586.92,P,person,CN,
171777,EU.12618.25,P,person,RU,
171793,EU.12620.2,P,person,RU,
171800,EU.12621.1,P,person,RU,
171807,EU.12622.0,P,person,RU,
171812,EU.12623.96,P,person,RU,
171819,EU.12624.95,P,person,RU,
171826,EU.12625.94,P,person,RU,
171833,EU.12626.93,P,person,RU,
171840,EU.12627.92,P,person,RU,
171846,EU.12628.91,P,person,RU,
171853,EU.12629.90,P,person,RU,
171859,EU.12630.68,P,person,RU,
171866,EU.12631.67,P,person,RU,
171886,EU.12634.64,P,person,RU,
171893,EU.12635.63,P,person,RU,
171900,EU.12636.62,P,person,RU,
171907,EU.12637.61,P,person,RU,
171914,EU.12638.60,P,person,RU,
171928,EU.12640.37,P,person,RU,
171935,EU.12641.36,P,person,RU,
171942,EU.12642.35,P,person,RU,
172360,EU.12652.4,P,person,VE,
172367,EU.12653.3,P,person,VE,
172374,EU.12654.2,P,person,VE,
172382,EU.12655.1,P,person,VE,
172394,EU.12656.0,P,person,VE,
172400,EU.12657.96,P,person,VE,
172405,EU.12658.95,P,person,VE,
172410,EU.12659.94,P,person,VE,
172416,EU.12660.72,P,person,VE,
172423,EU.12661.71,P,person,VE,
172434,EU.12663.69,P,person,VE,
172440,EU.12664.68,P,person,VE,
172446,EU.12665.67,P,person,VE,
172452,EU.12666.66,P,person,VE,
172457,EU.12667.65,P,person,VE,
172526,EU.12672.39,P,person,RU,
172530,EU.12673.38,P,person,RU,
172534,EU.12674.37,P,person,RU,
172727,EU.12721.10,P,person,RU,
172733,EU.12722.9,P,person,RU,
172760,EU.12726.5,P,person,RU,
172774,EU.12728.3,P,person,RU,
172817,EU.12733.74,P,person,RU,
172822,EU.12734.73,P,person,RU,
172828,EU.12735.72,P,person,RU,
172840,EU.12737.70,P,person,RU,
172846,EU.12738.69,P,person,RU,
172871,EU.12742.44,P,person,RU,
172933,EU.12749.37,P,person,RU,
172938,EU.12750.15,P,person,RU,
172943,EU.12751.14,P,person,RU,
172948,EU.12752.13,P,person,RU,
172954,EU.12753.12,P,person,RU,
172959,EU.12754.11,P,person,RU,
172978,EU.12756.9,P,person,RU,
172984,EU.12757.8,P,person,RU,
172989,EU.12758.7,P,person,KP,
172996,EU.12759.6,P,person,KP,
173005,EU.12760.81,P,person,RU,
173010,EU.12761.80,P,person,RU,
173055,EU.12764.77,P,person,RU,
173061,EU.12765.76,P,person,RU,
173066,EU.12766.75,P,person,RU,
173071,EU.12767.74,P,person,RU,
173077,EU.12768.73,P,person,RU,
173083,EU.12769.72,P,person,CN,
173088,EU.12770.50,P,person,RU,
173094,EU.12771.49,P,person,RU,
173100,EU.12772.48,P,person,RU,
173114,EU.12774.46,P,person,RU,
173120,EU.12775.45,P,person,RU,
173125,EU.12776.44,P,person,RU,
173131,EU.12777.43,P,person,RU,
173137,EU.12778.42,P,person,RU,
173150,EU.12780.19,P,person,UA,
173157,EU.12781.18,P,person,RU,
173163,EU.12782.17,P,person,RU,
173171,EU.12783.16,P,person,RU,
173177,EU.12784.15,P,person,RU,
173182,EU.12785.14,P,person,RU,
173202,EU.12789.10,P,person,RU,
173296,EU.12800.82,P,person,RU,
173492,EU.12813.48,P,person,RU,
173783,EU.12852.22,P,person,CD,
173792,EU.12854.20,P,person,RW,
173797,EU.12855.19,P,person,RW,
173800,EU.12856.18,P,person,CD,
173805,EU.12857.17,P,person,RW,
173808,EU.12858.16,P,person,RW,
173811,EU.12859.15,P,person,CD,
173815,EU.12860.90,P,person,RW,
173818,EU.12861.89,P,person,CD,
173881,EU.12872.57,P,person,RW,
173887,EU.12873.56,P,person,RU,
173965,EU.12892.92,P,person,BY,
174055,EU.12901.90,P,person,BY,
174451,EU.12952.31,P,person,IR,
174454,EU.12953.30,P,person,IR,
174458,EU.12954.29,P,person,IR,
174461,EU.12955.28,P,person,IR,
174464,EU.12956.27,P,person,IR,
174467,EU.12957.26,P,person,IR,
174470,EU.12958.25,P,person,IR,
174724,EU.12992.4,P,person,NI,
174840,EU.13032.0,P,person,RU,
174845,EU.13033.96,P,person,RU,
174850,EU.13034.95,P,person,RU,
174857,EU.13035.94,P,person,RU,
174863,EU.13036.93,P,person,RU,
174875,EU.13038.91,P,person,RU,
174881,EU.13039.90,P,person,RU,
174887,EU.13040.68,P,person,RU,
174893,EU.13041.67,P,person,RU,
174908,EU.13043.65,P,person,RU,
174914,EU.13044.64,P,person,RU,
174921,EU.13045.63,P,person,RU,
174927,EU.13046.62,P,person,RU,
174933,EU.13047.61,P,person,RU,
174939,EU.13048.60,P,person,RU,
175265,EU.13088.33,P,person,RU,
175270,EU.13089.32,P,person,RU,
175628,EU.13132.9,P,person,EE,
175628,EU.13132.9,P,person,RU,
175651,EU.13135.6,P,person,RU,
175651,EU.13135.6,P,person,UA,
175657,EU.13136.5,P,person,TR,
175661,EU.13137.4,P,person,RU,
175668,EU.13138.3,P,person,RU,
175675,EU.13139.2,P,person,DE,
175679,EU.13140.77,P,person,RU,
175687,EU.13141.76,P,person,IL,
175687,EU.13141.76,P,person,UA,
175727,EU.13144.73,P,person,MD,
175734,EU.13145.72,P,person,MD,
175741,EU.13146.71,P,person,RU,
175747,EU.13147.70,P,person,RU,
175751,EU.13148.69,P,person,RU,
175755,EU.13149.68,P,person,UZ,
175762,EU.13150.46,P,person,RU,
175775,EU.13152.44,P,person,RU,
175781,EU.13153.43,P,person,TG,
175781,EU.13153.43,P,person,FR,
175790,EU.13154.42,P,person,DE,
175838,EU.13161.14,P,person,RU,
175843,EU.13162.13,P,person,RU,
175848,EU.13163.12,P,person,RU,
175854,EU.13164.11,P,person,RU,
175859,EU.13165.10,P,person,RU,
175868,EU.13167.8,P,person,RU,
175873,EU.13168.7,P,person,RU,
175882,EU.13170.81,P,person,RU,
175887,EU.13171.80,P,person,RU,
175898,EU.13173.78,P,person,RU,
175909,EU.13175.76,P,person,RU,
175916,EU.13176.75,P,person,RU,
175932,EU.13179.72,P,person,RU,
175938,EU.13180.50,P,person,RU,
175942,EU.13181.49,P,person,RU,
175946,EU.13182.48,P,person,RU,
175950,EU.13183.47,P,person,RU,
175954,EU.13184.46,P,person,RU,
175958,EU.13185.45,P,person,RU,
175964,EU.13186.44,P,person,RU,
175968,EU.13187.43,P,person,RU,
175972,EU.13188.42,P,person,RU,
175977,EU.13189.41,P,person,RU,
175982,EU.13190.19,P,person,RU,
176014,EU.13191.18,P,person,SY,
176206,EU.13212.80,P,person,UG,
176224,EU.13214.78,P,person,GT,
176235,EU.13216.76,P,person,GT,
176241,EU.13217.75,P,person,GT,
176443,EU.13252.53,P,person,CM,
176443,EU.13252.53,P,person,CH,
176460,EU.13272.88,P,person,RU,
176519,EU.13278.82,P,person,RU,
176526,EU.13279.81,P,person,BY,
176568,EU.13292.26,P,person,SY,
176581,EU.13293.25,P,person,SY,
176590,EU.13294.24,P,person,SY,
176598,EU.13295.23,P,person,RU,
176598,EU.13295.23,P,person,SY,
176608,EU.13296.22,P,person,RU,
176608,EU.13296.22,P,person,SY,
176914,EU.13331.28,P,person,RU,
176920,EU.13332.27,P,person,CN,
176924,EU.13333.26,P,person,RU,
176930,EU.13334.25,P,person,RU,
176935,EU.13335.24,P,person,IN,
176939,EU.13336.23,P,person,RU,
176944,EU.13337.22,P,person,IR,
176957,EU.13339.20,P,person,RU,
176962,EU.13340.95,P,person,RU,
176968,EU.13341.94,P,person,RU,
176990,EU.13344.91,P,person,RU,
176995,EU.13345.90,P,person,RU,
177001,EU.13346.89,P,person,RU,
177007,EU.13347.88,P,person,AZ,
177447,EU.13412.1,P,person,IR,
177458,EU.13413.0,P,person,TR,
177465,EU.13414.96,P,person,IR,
177471,EU.13415.95,P,person,IR,
177476,EU.13416.94,P,person,TR,
177483,EU.13417.93,P,person,IR,
177486,EU.13418.92,P,person,IR,
177499,EU.13419.91,P,person,IR,
177530,EU.13422.67,P,person,HT,
177540,EU.13423.66,P,person,HT,
177548,EU.13424.65,P,person,HT,
177559,EU.13425.64,P,person,RU,
177564,EU.13426.63,P,person,RU,
177571,EU.13427.62,P,person,RU,
177576,EU.13428.61,P,person,RU,
177581,EU.13429.60,P,person,RU,
177590,EU.13430.38,P,person,MD,
177594,EU.13431.37,P,person,MD,
177598,EU.13432.36,P,person,MD,
177602,EU.13433.35,P,person,MD,
177606,EU.13434.34,P,person,MD,
177610,EU.13435.33,P,person,MD,
177614,EU.13436.32,P,person,RU,
177739,EU.13452.71,P,person,RU,
177745,EU.13453.70,P,person,RU,
177749,EU.13454.69,P,person,MD,
177757,EU.13456.67,P,person,RU,
177757,EU.13456.67,P,person,AU,
177762,EU.13457.66,P,person,RU,
177766,EU.13458.65,P,person,RU,
177772,EU.13459.64,P,person,RU,
177777,EU.13460.42,P,person,RU,
177924,EU.13472.9,P,person,SD,
177927,EU.13473.8,P,person,SD,
